-- phpMyAdmin SQL Dump
-- version 5.2.1
-- https://www.phpmyadmin.net/
--
-- Host: 127.0.0.1
-- Generation Time: May 16, 2025 at 08:02 AM
-- Server version: 10.4.32-MariaDB
-- PHP Version: 8.2.12

SET SQL_MODE = "NO_AUTO_VALUE_ON_ZERO";
START TRANSACTION;
SET time_zone = "+00:00";


/*!40101 SET @OLD_CHARACTER_SET_CLIENT=@@CHARACTER_SET_CLIENT */;
/*!40101 SET @OLD_CHARACTER_SET_RESULTS=@@CHARACTER_SET_RESULTS */;
/*!40101 SET @OLD_COLLATION_CONNECTION=@@COLLATION_CONNECTION */;
/*!40101 SET NAMES utf8mb4 */;

--
-- Database: `sitin_system`
--

-- --------------------------------------------------------

--
-- Table structure for table `announcements`
--

CREATE TABLE `announcements` (
  `TITLE` varchar(255) NOT NULL,
  `CONTENT` varchar(255) NOT NULL,
  `CREATED_AT` timestamp NOT NULL DEFAULT current_timestamp() ON UPDATE current_timestamp(),
  `STATUS` enum('active','archived') NOT NULL DEFAULT 'active'
) ENGINE=InnoDB DEFAULT CHARSET=utf8mb4 COLLATE=utf8mb4_general_ci;

--
-- Dumping data for table `announcements`
--

INSERT INTO `announcements` (`TITLE`, `CONTENT`, `CREATED_AT`, `STATUS`) VALUES
('Hey Mayng Buntag!!!', 'Mayng buntag mga tapulan ready namo pa check?', '2025-05-05 23:25:22', 'active'),
('Good morning all', 'For your final requirement especially those who were done in presenting their project, upload your zipped/compressed system(Filename: Lastname-FinalProject) including your database(ready to be imported) and in notepad file(admin user and pass) to a gdrive', '2025-05-10 06:45:13', 'active'),
('Last Day of School', 'The final day of classes will be upcoming this Friday. We can’t wait to wrap up the year with some fun activities and celebrations!', '2025-05-13 07:53:57', 'active');

-- --------------------------------------------------------

--
-- Table structure for table `feedback`
--

CREATE TABLE `feedback` (
  `USER_ID` int(11) NOT NULL,
  `FEEDBACK` text NOT NULL,
  `CREATED_AT` timestamp NOT NULL DEFAULT current_timestamp() ON UPDATE current_timestamp(),
  `LAB_ROOM` varchar(50) NOT NULL
) ENGINE=InnoDB DEFAULT CHARSET=utf8mb4 COLLATE=utf8mb4_general_ci;

--
-- Dumping data for table `feedback`
--

INSERT INTO `feedback` (`USER_ID`, `FEEDBACK`, `CREATED_AT`, `LAB_ROOM`) VALUES
(11331, 'Bugnaw kaayu ang Labroom maka hilanat ig gawas sa room', '2025-05-08 14:09:45', '542'),
(11331, 'iLoveyou Jhynnn!', '2025-05-06 14:25:45', '524'),
(369369, 'loveee biiii', '2025-05-08 14:09:04', '528'),
(22653604, 'ilove jhyn\r\n\r\nsigeg balik', '2025-05-08 14:09:21', '530'),
(22653604, 'bugnaw kaayu hahahaha ang room', '2025-05-06 14:26:31', '530'),
(1000, '54004215404602454203564156451546187148017', '2025-05-10 21:45:31', '530'),
(11331, '123123123123123123123123123', '2025-05-12 00:00:33', '524'),
(2000, 'No feedback submitted yet.', '2025-05-13 07:25:31', ''),
(3000, 'No feedback submitted yet.', '2025-05-13 07:25:31', ''),
(4000, 'No feedback submitted yet.', '2025-05-13 07:25:31', ''),
(5000, 'No feedback submitted yet.', '2025-05-13 07:25:31', ''),
(6000, 'No feedback submitted yet.', '2025-05-13 07:25:31', ''),
(987987, 'No feedback submitted yet.', '2025-05-13 07:25:31', ''),
(1000, 'The demonstrations were well-organized, and I could follow the steps being carried out with ease. The instructor’s use of visual aids and explanations made it even more engaging.', '2025-05-12 01:59:45', '526'),
(22653604, 'No feedback submitted yet.asdsdasdsad', '2025-05-13 16:03:23', '528'),
(3000, 'hnuhnijhngx jiojmiovackospkopxfkopsaopxlp[v lc[x;cx', '2025-05-13 18:03:34', '528'),
(1000, '413510333a3sdsafcgx jnjnjnjnjnjnjnjnjnjnjnhsdfgn cnahsdddddddddddddd', '2025-05-13 17:58:36', '526'),
(7000, 'sakinashdmxua jvsri[kp.x bpva]lsd/;z\r\n\r\n', '2025-05-13 20:47:41', '544'),
(9000, '123123123123123', '2025-05-13 19:12:52', '530'),
(3000, '123123\r\n', '2025-05-14 18:53:22', '524');

-- --------------------------------------------------------

--
-- Table structure for table `lab_resources`
--

CREATE TABLE `lab_resources` (
  `id` int(11) NOT NULL,
  `title` varchar(255) NOT NULL,
  `description` text DEFAULT NULL,
  `category` varchar(100) NOT NULL,
  `resource_type` varchar(50) NOT NULL,
  `link` text NOT NULL,
  `file_path` varchar(255) DEFAULT NULL,
  `upload_date` datetime NOT NULL,
  `file_name` varchar(255) DEFAULT NULL,
  `file_type` varchar(50) DEFAULT NULL
) ENGINE=InnoDB DEFAULT CHARSET=utf8mb4 COLLATE=utf8mb4_general_ci;

--
-- Dumping data for table `lab_resources`
--

INSERT INTO `lab_resources` (`id`, `title`, `description`, `category`, `resource_type`, `link`, `file_path`, `upload_date`, `file_name`, `file_type`) VALUES
(1, 'Student Records', 'This is the All Student Records printed by pdf', '', '', '', '6825302553fa1_student_records_report.pdf', '2025-05-15 08:07:01', 'student_records_report.pdf', 'pdf'),
(3, 'Daily Sit-in Records', 'This is the Daily Sit-in Records printed by pdf', '', '', '', '6825317e874eb_daily_sitin_records (3).pdf', '2025-05-15 08:12:46', 'daily_sitin_records (3).pdf', 'pdf'),
(6, 'Admin Feedback ', 'This is the Admin Feedback printed by pdf', '', '', '', '68253496e2059_Admin Feedback.pdf', '2025-05-15 08:25:58', 'Admin Feedback.pdf', 'pdf');

-- --------------------------------------------------------

--
-- Table structure for table `lab_schedules`
--

CREATE TABLE `lab_schedules` (
  `id` int(11) NOT NULL,
  `room_number` varchar(10) DEFAULT NULL,
  `day_group` varchar(10) DEFAULT NULL,
  `time_slot` varchar(20) DEFAULT NULL,
  `status` varchar(20) DEFAULT NULL,
  `notes` text DEFAULT NULL,
  `last_updated` timestamp NOT NULL DEFAULT current_timestamp() ON UPDATE current_timestamp()
) ENGINE=InnoDB DEFAULT CHARSET=utf8mb4 COLLATE=utf8mb4_general_ci;

--
-- Dumping data for table `lab_schedules`
--

INSERT INTO `lab_schedules` (`id`, `room_number`, `day_group`, `time_slot`, `status`, `notes`, `last_updated`) VALUES
(0, '542', 'M', '7:30AM-9:00AM', 'Available', NULL, '2025-05-13 20:26:39'),
(0, '542', 'T', '7:30AM-9:00AM', 'Available', NULL, '2025-05-13 20:26:39'),
(0, '542', 'W', '7:30AM-9:00AM', 'Available', NULL, '2025-05-13 20:26:39'),
(0, '542', 'TH', '7:30AM-9:00AM', 'Available', NULL, '2025-05-13 20:26:39'),
(0, '542', 'F', '7:30AM-9:00AM', 'Available', NULL, '2025-05-13 20:26:39'),
(0, '542', 'S', '7:30AM-9:00AM', 'Available', NULL, '2025-05-13 20:26:39'),
(0, '542', 'M', '9:00AM-10:30AM', 'Available', NULL, '2025-05-13 20:26:39'),
(0, '542', 'T', '9:00AM-10:30AM', 'Available', NULL, '2025-05-13 20:26:39'),
(0, '542', 'W', '9:00AM-10:30AM', 'Available', NULL, '2025-05-13 20:26:39'),
(0, '542', 'TH', '9:00AM-10:30AM', 'Available', NULL, '2025-05-13 20:26:39'),
(0, '542', 'F', '9:00AM-10:30AM', 'Available', NULL, '2025-05-13 20:26:39'),
(0, '542', 'S', '9:00AM-10:30AM', 'Available', NULL, '2025-05-13 20:26:39'),
(0, '542', 'M', '10:30AM-12:00PM', 'Available', NULL, '2025-05-13 20:26:39'),
(0, '542', 'T', '10:30AM-12:00PM', 'Available', NULL, '2025-05-13 20:26:39'),
(0, '542', 'W', '10:30AM-12:00PM', 'Available', NULL, '2025-05-13 20:26:39'),
(0, '542', 'TH', '10:30AM-12:00PM', 'Available', NULL, '2025-05-13 20:26:39'),
(0, '542', 'F', '10:30AM-12:00PM', 'Available', NULL, '2025-05-13 20:26:39'),
(0, '542', 'S', '10:30AM-12:00PM', 'Available', NULL, '2025-05-13 20:26:39'),
(0, '542', 'M', '12:00PM-1:00PM', 'Available', NULL, '2025-05-13 20:26:39'),
(0, '542', 'T', '12:00PM-1:00PM', 'Available', NULL, '2025-05-13 20:26:39'),
(0, '542', 'W', '12:00PM-1:00PM', 'Available', NULL, '2025-05-13 20:26:39'),
(0, '542', 'TH', '12:00PM-1:00PM', 'Available', NULL, '2025-05-13 20:26:39'),
(0, '542', 'F', '12:00PM-1:00PM', 'Available', NULL, '2025-05-13 20:26:39'),
(0, '542', 'S', '12:00PM-1:00PM', 'Available', NULL, '2025-05-13 20:26:39'),
(0, '542', 'M', '1:00PM-3:00PM', 'Available', NULL, '2025-05-13 20:26:39'),
(0, '542', 'T', '1:00PM-3:00PM', 'Available', NULL, '2025-05-13 20:26:39'),
(0, '542', 'W', '1:00PM-3:00PM', 'Available', NULL, '2025-05-13 20:26:39'),
(0, '542', 'TH', '1:00PM-3:00PM', 'Available', NULL, '2025-05-13 20:26:39'),
(0, '542', 'F', '1:00PM-3:00PM', 'Available', NULL, '2025-05-13 20:26:39'),
(0, '542', 'S', '1:00PM-3:00PM', 'Available', NULL, '2025-05-13 20:26:39'),
(0, '542', 'M', '3:00PM-4:30PM', 'Available', NULL, '2025-05-13 20:26:39'),
(0, '542', 'T', '3:00PM-4:30PM', 'Available', NULL, '2025-05-13 20:26:39'),
(0, '542', 'W', '3:00PM-4:30PM', 'Available', NULL, '2025-05-13 20:26:39'),
(0, '542', 'TH', '3:00PM-4:30PM', 'Available', NULL, '2025-05-13 20:26:39'),
(0, '542', 'F', '3:00PM-4:30PM', 'Available', NULL, '2025-05-13 20:26:39'),
(0, '542', 'S', '3:00PM-4:30PM', 'Available', NULL, '2025-05-13 20:26:39'),
(0, '542', 'M', '4:30PM-6:00PM', 'Available', NULL, '2025-05-13 20:26:39'),
(0, '542', 'T', '4:30PM-6:00PM', 'Available', NULL, '2025-05-13 20:26:39'),
(0, '542', 'W', '4:30PM-6:00PM', 'Available', NULL, '2025-05-13 20:26:39'),
(0, '542', 'TH', '4:30PM-6:00PM', 'Available', NULL, '2025-05-13 20:26:39'),
(0, '542', 'F', '4:30PM-6:00PM', 'Available', NULL, '2025-05-13 20:26:39'),
(0, '542', 'S', '4:30PM-6:00PM', 'Available', NULL, '2025-05-13 20:26:39'),
(0, '542', 'M', '6:00PM-7:30PM', 'Available', NULL, '2025-05-13 20:26:39'),
(0, '542', 'T', '6:00PM-7:30PM', 'Available', NULL, '2025-05-13 20:26:39'),
(0, '542', 'W', '6:00PM-7:30PM', 'Available', NULL, '2025-05-13 20:26:39'),
(0, '542', 'TH', '6:00PM-7:30PM', 'Available', NULL, '2025-05-13 20:26:39'),
(0, '542', 'F', '6:00PM-7:30PM', 'Available', NULL, '2025-05-13 20:26:39'),
(0, '542', 'S', '6:00PM-7:30PM', 'Available', NULL, '2025-05-13 20:26:39'),
(0, '542', 'M', '7:30PM-9:00PM', 'Available', NULL, '2025-05-13 20:26:39'),
(0, '542', 'T', '7:30PM-9:00PM', 'Available', NULL, '2025-05-13 20:26:39'),
(0, '542', 'W', '7:30PM-9:00PM', 'Available', NULL, '2025-05-13 20:26:39'),
(0, '542', 'TH', '7:30PM-9:00PM', 'Available', NULL, '2025-05-13 20:26:39'),
(0, '542', 'F', '7:30PM-9:00PM', 'Available', NULL, '2025-05-13 20:26:39'),
(0, '542', 'S', '7:30PM-9:00PM', 'Available', NULL, '2025-05-13 20:26:39'),
(0, '530', 'M', '7:30AM-9:00AM', 'Available', NULL, '2025-05-13 20:26:43'),
(0, '530', 'T', '7:30AM-9:00AM', 'Available', NULL, '2025-05-13 20:26:43'),
(0, '530', 'W', '7:30AM-9:00AM', 'Available', NULL, '2025-05-13 20:26:43'),
(0, '530', 'TH', '7:30AM-9:00AM', 'Available', NULL, '2025-05-13 20:26:43'),
(0, '530', 'F', '7:30AM-9:00AM', 'Available', NULL, '2025-05-13 20:26:43'),
(0, '530', 'S', '7:30AM-9:00AM', 'Available', NULL, '2025-05-13 20:26:43'),
(0, '530', 'M', '9:00AM-10:30AM', 'Available', NULL, '2025-05-13 20:26:43'),
(0, '530', 'T', '9:00AM-10:30AM', 'Available', NULL, '2025-05-13 20:26:43'),
(0, '530', 'W', '9:00AM-10:30AM', 'Available', NULL, '2025-05-13 20:26:43'),
(0, '530', 'TH', '9:00AM-10:30AM', 'Available', NULL, '2025-05-13 20:26:43'),
(0, '530', 'F', '9:00AM-10:30AM', 'Available', NULL, '2025-05-13 20:26:43'),
(0, '530', 'S', '9:00AM-10:30AM', 'Available', NULL, '2025-05-13 20:26:43'),
(0, '530', 'M', '10:30AM-12:00PM', 'Available', NULL, '2025-05-13 20:26:43'),
(0, '530', 'T', '10:30AM-12:00PM', 'Available', NULL, '2025-05-13 20:26:43'),
(0, '530', 'W', '10:30AM-12:00PM', 'Available', NULL, '2025-05-13 20:26:43'),
(0, '530', 'TH', '10:30AM-12:00PM', 'Available', NULL, '2025-05-13 20:26:43'),
(0, '530', 'F', '10:30AM-12:00PM', 'Available', NULL, '2025-05-13 20:26:43'),
(0, '530', 'S', '10:30AM-12:00PM', 'Available', NULL, '2025-05-13 20:26:43'),
(0, '530', 'M', '12:00PM-1:00PM', 'Available', NULL, '2025-05-13 20:26:43'),
(0, '530', 'T', '12:00PM-1:00PM', 'Available', NULL, '2025-05-13 20:26:43'),
(0, '530', 'W', '12:00PM-1:00PM', 'Available', NULL, '2025-05-13 20:26:43'),
(0, '530', 'TH', '12:00PM-1:00PM', 'Available', NULL, '2025-05-13 20:26:43'),
(0, '530', 'F', '12:00PM-1:00PM', 'Available', NULL, '2025-05-13 20:26:43'),
(0, '530', 'S', '12:00PM-1:00PM', 'Available', NULL, '2025-05-13 20:26:43'),
(0, '530', 'M', '1:00PM-3:00PM', 'Available', NULL, '2025-05-13 20:26:43'),
(0, '530', 'T', '1:00PM-3:00PM', 'Available', NULL, '2025-05-13 20:26:43'),
(0, '530', 'W', '1:00PM-3:00PM', 'Available', NULL, '2025-05-13 20:26:43'),
(0, '530', 'TH', '1:00PM-3:00PM', 'Available', NULL, '2025-05-13 20:26:43'),
(0, '530', 'F', '1:00PM-3:00PM', 'Available', NULL, '2025-05-13 20:26:43'),
(0, '530', 'S', '1:00PM-3:00PM', 'Available', NULL, '2025-05-13 20:26:43'),
(0, '530', 'M', '3:00PM-4:30PM', 'Available', NULL, '2025-05-13 20:26:43'),
(0, '530', 'T', '3:00PM-4:30PM', 'Available', NULL, '2025-05-13 20:26:43'),
(0, '530', 'W', '3:00PM-4:30PM', 'Available', NULL, '2025-05-13 20:26:43'),
(0, '530', 'TH', '3:00PM-4:30PM', 'Available', NULL, '2025-05-13 20:26:43'),
(0, '530', 'F', '3:00PM-4:30PM', 'Available', NULL, '2025-05-13 20:26:43'),
(0, '530', 'S', '3:00PM-4:30PM', 'Available', NULL, '2025-05-13 20:26:43'),
(0, '530', 'M', '4:30PM-6:00PM', 'Available', NULL, '2025-05-13 20:26:43'),
(0, '530', 'T', '4:30PM-6:00PM', 'Available', NULL, '2025-05-13 20:26:43'),
(0, '530', 'W', '4:30PM-6:00PM', 'Available', NULL, '2025-05-13 20:26:43'),
(0, '530', 'TH', '4:30PM-6:00PM', 'Available', NULL, '2025-05-13 20:26:43'),
(0, '530', 'F', '4:30PM-6:00PM', 'Available', NULL, '2025-05-13 20:26:43'),
(0, '530', 'S', '4:30PM-6:00PM', 'Available', NULL, '2025-05-13 20:26:43'),
(0, '530', 'M', '6:00PM-7:30PM', 'Available', NULL, '2025-05-13 20:26:43'),
(0, '530', 'T', '6:00PM-7:30PM', 'Available', NULL, '2025-05-13 20:26:43'),
(0, '530', 'W', '6:00PM-7:30PM', 'Available', NULL, '2025-05-13 20:26:43'),
(0, '530', 'TH', '6:00PM-7:30PM', 'Available', NULL, '2025-05-13 20:26:43'),
(0, '530', 'F', '6:00PM-7:30PM', 'Available', NULL, '2025-05-13 20:26:43'),
(0, '530', 'S', '6:00PM-7:30PM', 'Available', NULL, '2025-05-13 20:26:43'),
(0, '530', 'M', '7:30PM-9:00PM', 'Available', NULL, '2025-05-13 20:26:43'),
(0, '530', 'T', '7:30PM-9:00PM', 'Available', NULL, '2025-05-13 20:26:43'),
(0, '530', 'W', '7:30PM-9:00PM', 'Available', NULL, '2025-05-13 20:26:43'),
(0, '530', 'TH', '7:30PM-9:00PM', 'Available', NULL, '2025-05-13 20:26:43'),
(0, '530', 'F', '7:30PM-9:00PM', 'Available', NULL, '2025-05-13 20:26:43'),
(0, '530', 'S', '7:30PM-9:00PM', 'Available', NULL, '2025-05-13 20:26:43'),
(0, '528', 'M', '7:30AM-9:00AM', 'Available', NULL, '2025-05-13 20:26:46'),
(0, '528', 'T', '7:30AM-9:00AM', 'Available', NULL, '2025-05-13 20:26:46'),
(0, '528', 'W', '7:30AM-9:00AM', 'Available', NULL, '2025-05-13 20:26:46'),
(0, '528', 'TH', '7:30AM-9:00AM', 'Available', NULL, '2025-05-13 20:26:46'),
(0, '528', 'F', '7:30AM-9:00AM', 'Available', NULL, '2025-05-13 20:26:46'),
(0, '528', 'S', '7:30AM-9:00AM', 'Available', NULL, '2025-05-13 20:26:46'),
(0, '528', 'M', '9:00AM-10:30AM', 'Available', NULL, '2025-05-13 20:26:46'),
(0, '528', 'T', '9:00AM-10:30AM', 'Available', NULL, '2025-05-13 20:26:46'),
(0, '528', 'W', '9:00AM-10:30AM', 'Available', NULL, '2025-05-13 20:26:46'),
(0, '528', 'TH', '9:00AM-10:30AM', 'Available', NULL, '2025-05-13 20:26:46'),
(0, '528', 'F', '9:00AM-10:30AM', 'Available', NULL, '2025-05-13 20:26:46'),
(0, '528', 'S', '9:00AM-10:30AM', 'Available', NULL, '2025-05-13 20:26:46'),
(0, '528', 'M', '10:30AM-12:00PM', 'Available', NULL, '2025-05-13 20:26:46'),
(0, '528', 'T', '10:30AM-12:00PM', 'Available', NULL, '2025-05-13 20:26:46'),
(0, '528', 'W', '10:30AM-12:00PM', 'Available', NULL, '2025-05-13 20:26:46'),
(0, '528', 'TH', '10:30AM-12:00PM', 'Available', NULL, '2025-05-13 20:26:46'),
(0, '528', 'F', '10:30AM-12:00PM', 'Available', NULL, '2025-05-13 20:26:46'),
(0, '528', 'S', '10:30AM-12:00PM', 'Available', NULL, '2025-05-13 20:26:46'),
(0, '528', 'M', '12:00PM-1:00PM', 'Available', NULL, '2025-05-13 20:26:46'),
(0, '528', 'T', '12:00PM-1:00PM', 'Available', NULL, '2025-05-13 20:26:46'),
(0, '528', 'W', '12:00PM-1:00PM', 'Available', NULL, '2025-05-13 20:26:46'),
(0, '528', 'TH', '12:00PM-1:00PM', 'Available', NULL, '2025-05-13 20:26:46'),
(0, '528', 'F', '12:00PM-1:00PM', 'Available', NULL, '2025-05-13 20:26:46'),
(0, '528', 'S', '12:00PM-1:00PM', 'Available', NULL, '2025-05-13 20:26:46'),
(0, '528', 'M', '1:00PM-3:00PM', 'Available', NULL, '2025-05-13 20:26:46'),
(0, '528', 'T', '1:00PM-3:00PM', 'Available', NULL, '2025-05-13 20:26:46'),
(0, '528', 'W', '1:00PM-3:00PM', 'Available', NULL, '2025-05-13 20:26:46'),
(0, '528', 'TH', '1:00PM-3:00PM', 'Available', NULL, '2025-05-13 20:26:46'),
(0, '528', 'F', '1:00PM-3:00PM', 'Available', NULL, '2025-05-13 20:26:46'),
(0, '528', 'S', '1:00PM-3:00PM', 'Available', NULL, '2025-05-13 20:26:46'),
(0, '528', 'M', '3:00PM-4:30PM', 'Available', NULL, '2025-05-13 20:26:46'),
(0, '528', 'T', '3:00PM-4:30PM', 'Available', NULL, '2025-05-13 20:26:46'),
(0, '528', 'W', '3:00PM-4:30PM', 'Available', NULL, '2025-05-13 20:26:46'),
(0, '528', 'TH', '3:00PM-4:30PM', 'Available', NULL, '2025-05-13 20:26:46'),
(0, '528', 'F', '3:00PM-4:30PM', 'Available', NULL, '2025-05-13 20:26:46'),
(0, '528', 'S', '3:00PM-4:30PM', 'Available', NULL, '2025-05-13 20:26:46'),
(0, '528', 'M', '4:30PM-6:00PM', 'Available', NULL, '2025-05-13 20:26:46'),
(0, '528', 'T', '4:30PM-6:00PM', 'Available', NULL, '2025-05-13 20:26:46'),
(0, '528', 'W', '4:30PM-6:00PM', 'Available', NULL, '2025-05-13 20:26:46'),
(0, '528', 'TH', '4:30PM-6:00PM', 'Available', NULL, '2025-05-13 20:26:46'),
(0, '528', 'F', '4:30PM-6:00PM', 'Available', NULL, '2025-05-13 20:26:46'),
(0, '528', 'S', '4:30PM-6:00PM', 'Available', NULL, '2025-05-13 20:26:46'),
(0, '528', 'M', '6:00PM-7:30PM', 'Available', NULL, '2025-05-13 20:26:46'),
(0, '528', 'T', '6:00PM-7:30PM', 'Available', NULL, '2025-05-13 20:26:46'),
(0, '528', 'W', '6:00PM-7:30PM', 'Available', NULL, '2025-05-13 20:26:46'),
(0, '528', 'TH', '6:00PM-7:30PM', 'Available', NULL, '2025-05-13 20:26:46'),
(0, '528', 'F', '6:00PM-7:30PM', 'Available', NULL, '2025-05-13 20:26:46'),
(0, '528', 'S', '6:00PM-7:30PM', 'Available', NULL, '2025-05-13 20:26:46'),
(0, '528', 'M', '7:30PM-9:00PM', 'Available', NULL, '2025-05-13 20:26:46'),
(0, '528', 'T', '7:30PM-9:00PM', 'Available', NULL, '2025-05-13 20:26:46'),
(0, '528', 'W', '7:30PM-9:00PM', 'Available', NULL, '2025-05-13 20:26:46'),
(0, '528', 'TH', '7:30PM-9:00PM', 'Available', NULL, '2025-05-13 20:26:46'),
(0, '528', 'F', '7:30PM-9:00PM', 'Available', NULL, '2025-05-13 20:26:46'),
(0, '528', 'S', '7:30PM-9:00PM', 'Available', NULL, '2025-05-13 20:26:46'),
(0, '526', 'M', '7:30AM-9:00AM', 'Available', NULL, '2025-05-13 20:50:31'),
(0, '526', 'T', '7:30AM-9:00AM', 'Available', NULL, '2025-05-13 20:50:31'),
(0, '526', 'W', '7:30AM-9:00AM', 'Available', NULL, '2025-05-13 20:50:31'),
(0, '526', 'TH', '7:30AM-9:00AM', 'Available', NULL, '2025-05-13 20:50:31'),
(0, '526', 'F', '7:30AM-9:00AM', 'Available', NULL, '2025-05-13 20:50:31'),
(0, '526', 'S', '7:30AM-9:00AM', 'Available', NULL, '2025-05-13 20:50:31'),
(0, '526', 'M', '9:00AM-10:30AM', 'Available', NULL, '2025-05-13 20:50:31'),
(0, '526', 'T', '9:00AM-10:30AM', 'Available', NULL, '2025-05-13 20:50:31'),
(0, '526', 'W', '9:00AM-10:30AM', 'Available', NULL, '2025-05-13 20:50:31'),
(0, '526', 'TH', '9:00AM-10:30AM', 'Available', NULL, '2025-05-13 20:50:31'),
(0, '526', 'F', '9:00AM-10:30AM', 'Available', NULL, '2025-05-13 20:50:31'),
(0, '526', 'S', '9:00AM-10:30AM', 'Available', NULL, '2025-05-13 20:50:31'),
(0, '526', 'M', '10:30AM-12:00PM', 'Available', NULL, '2025-05-13 20:50:31'),
(0, '526', 'T', '10:30AM-12:00PM', 'Available', NULL, '2025-05-13 20:50:31'),
(0, '526', 'W', '10:30AM-12:00PM', 'Available', NULL, '2025-05-13 20:50:31'),
(0, '526', 'TH', '10:30AM-12:00PM', 'Available', NULL, '2025-05-13 20:50:31'),
(0, '526', 'F', '10:30AM-12:00PM', 'Available', NULL, '2025-05-13 20:50:31'),
(0, '526', 'S', '10:30AM-12:00PM', 'Available', NULL, '2025-05-13 20:50:31'),
(0, '526', 'M', '12:00PM-1:00PM', 'Unavailable', NULL, '2025-05-13 20:50:31'),
(0, '526', 'T', '12:00PM-1:00PM', 'Unavailable', NULL, '2025-05-13 20:50:31'),
(0, '526', 'W', '12:00PM-1:00PM', 'Unavailable', NULL, '2025-05-13 20:50:31'),
(0, '526', 'TH', '12:00PM-1:00PM', 'Available', NULL, '2025-05-13 20:50:31'),
(0, '526', 'F', '12:00PM-1:00PM', 'Unavailable', NULL, '2025-05-13 20:50:31'),
(0, '526', 'S', '12:00PM-1:00PM', 'Unavailable', NULL, '2025-05-13 20:50:31'),
(0, '526', 'M', '1:00PM-3:00PM', 'Available', NULL, '2025-05-13 20:50:31'),
(0, '526', 'T', '1:00PM-3:00PM', 'Available', NULL, '2025-05-13 20:50:31'),
(0, '526', 'W', '1:00PM-3:00PM', 'Available', NULL, '2025-05-13 20:50:31'),
(0, '526', 'TH', '1:00PM-3:00PM', 'Available', NULL, '2025-05-13 20:50:31'),
(0, '526', 'F', '1:00PM-3:00PM', 'Available', NULL, '2025-05-13 20:50:31'),
(0, '526', 'S', '1:00PM-3:00PM', 'Available', NULL, '2025-05-13 20:50:31'),
(0, '526', 'M', '3:00PM-4:30PM', 'Available', NULL, '2025-05-13 20:50:31'),
(0, '526', 'T', '3:00PM-4:30PM', 'Available', NULL, '2025-05-13 20:50:31'),
(0, '526', 'W', '3:00PM-4:30PM', 'Available', NULL, '2025-05-13 20:50:31'),
(0, '526', 'TH', '3:00PM-4:30PM', 'Available', NULL, '2025-05-13 20:50:31'),
(0, '526', 'F', '3:00PM-4:30PM', 'Available', NULL, '2025-05-13 20:50:31'),
(0, '526', 'S', '3:00PM-4:30PM', 'Available', NULL, '2025-05-13 20:50:31'),
(0, '526', 'M', '4:30PM-6:00PM', 'Available', NULL, '2025-05-13 20:50:31'),
(0, '526', 'T', '4:30PM-6:00PM', 'Available', NULL, '2025-05-13 20:50:31'),
(0, '526', 'W', '4:30PM-6:00PM', 'Available', NULL, '2025-05-13 20:50:31'),
(0, '526', 'TH', '4:30PM-6:00PM', 'Available', NULL, '2025-05-13 20:50:31'),
(0, '526', 'F', '4:30PM-6:00PM', 'Available', NULL, '2025-05-13 20:50:31'),
(0, '526', 'S', '4:30PM-6:00PM', 'Available', NULL, '2025-05-13 20:50:31'),
(0, '526', 'M', '6:00PM-7:30PM', 'Unavailable', NULL, '2025-05-13 20:50:31'),
(0, '526', 'T', '6:00PM-7:30PM', 'Unavailable', NULL, '2025-05-13 20:50:31'),
(0, '526', 'W', '6:00PM-7:30PM', 'Unavailable', NULL, '2025-05-13 20:50:31'),
(0, '526', 'TH', '6:00PM-7:30PM', 'Available', NULL, '2025-05-13 20:50:31'),
(0, '526', 'F', '6:00PM-7:30PM', 'Available', NULL, '2025-05-13 20:50:31'),
(0, '526', 'S', '6:00PM-7:30PM', 'Available', NULL, '2025-05-13 20:50:31'),
(0, '526', 'M', '7:30PM-9:00PM', 'Unavailable', NULL, '2025-05-13 20:50:31'),
(0, '526', 'T', '7:30PM-9:00PM', 'Unavailable', NULL, '2025-05-13 20:50:31'),
(0, '526', 'W', '7:30PM-9:00PM', 'Unavailable', NULL, '2025-05-13 20:50:31'),
(0, '526', 'TH', '7:30PM-9:00PM', 'Available', NULL, '2025-05-13 20:50:31'),
(0, '526', 'F', '7:30PM-9:00PM', 'Available', NULL, '2025-05-13 20:50:31'),
(0, '526', 'S', '7:30PM-9:00PM', 'Available', NULL, '2025-05-13 20:50:31'),
(0, NULL, 'M', '7:30AM-9:00AM', 'Available', NULL, '2025-05-16 05:03:06'),
(0, NULL, 'T', '7:30AM-9:00AM', 'Unavailable', NULL, '2025-05-16 05:03:06'),
(0, NULL, 'W', '7:30AM-9:00AM', 'Unavailable', NULL, '2025-05-16 05:03:06'),
(0, NULL, 'TH', '7:30AM-9:00AM', 'Unavailable', NULL, '2025-05-16 05:03:06'),
(0, NULL, 'F', '7:30AM-9:00AM', 'Unavailable', NULL, '2025-05-16 05:03:06'),
(0, NULL, 'S', '7:30AM-9:00AM', 'Unavailable', NULL, '2025-05-16 05:03:06'),
(0, NULL, 'M', '9:00AM-10:30AM', 'Available', NULL, '2025-05-16 05:03:06'),
(0, NULL, 'T', '9:00AM-10:30AM', 'Available', NULL, '2025-05-16 05:03:06'),
(0, NULL, 'W', '9:00AM-10:30AM', 'Available', NULL, '2025-05-16 05:03:06'),
(0, NULL, 'TH', '9:00AM-10:30AM', 'Available', NULL, '2025-05-16 05:03:06'),
(0, NULL, 'F', '9:00AM-10:30AM', 'Available', NULL, '2025-05-16 05:03:06'),
(0, NULL, 'S', '9:00AM-10:30AM', 'Available', NULL, '2025-05-16 05:03:06'),
(0, NULL, 'M', '10:30AM-12:00PM', 'Available', NULL, '2025-05-16 05:03:06'),
(0, NULL, 'T', '10:30AM-12:00PM', 'Available', NULL, '2025-05-16 05:03:06'),
(0, NULL, 'W', '10:30AM-12:00PM', 'Available', NULL, '2025-05-16 05:03:06'),
(0, NULL, 'TH', '10:30AM-12:00PM', 'Available', NULL, '2025-05-16 05:03:06'),
(0, NULL, 'F', '10:30AM-12:00PM', 'Available', NULL, '2025-05-16 05:03:06'),
(0, NULL, 'S', '10:30AM-12:00PM', 'Available', NULL, '2025-05-16 05:03:06'),
(0, NULL, 'M', '12:00PM-1:00PM', 'Available', NULL, '2025-05-16 05:03:06'),
(0, NULL, 'T', '12:00PM-1:00PM', 'Available', NULL, '2025-05-16 05:03:06'),
(0, NULL, 'W', '12:00PM-1:00PM', 'Available', NULL, '2025-05-16 05:03:06'),
(0, NULL, 'TH', '12:00PM-1:00PM', 'Available', NULL, '2025-05-16 05:03:06'),
(0, NULL, 'F', '12:00PM-1:00PM', 'Available', NULL, '2025-05-16 05:03:06'),
(0, NULL, 'S', '12:00PM-1:00PM', 'Available', NULL, '2025-05-16 05:03:06'),
(0, NULL, 'M', '1:00PM-3:00PM', 'Available', NULL, '2025-05-16 05:03:06'),
(0, NULL, 'T', '1:00PM-3:00PM', 'Available', NULL, '2025-05-16 05:03:06'),
(0, NULL, 'W', '1:00PM-3:00PM', 'Available', NULL, '2025-05-16 05:03:06'),
(0, NULL, 'TH', '1:00PM-3:00PM', 'Available', NULL, '2025-05-16 05:03:06'),
(0, NULL, 'F', '1:00PM-3:00PM', 'Available', NULL, '2025-05-16 05:03:06'),
(0, NULL, 'S', '1:00PM-3:00PM', 'Available', NULL, '2025-05-16 05:03:06'),
(0, NULL, 'M', '3:00PM-4:30PM', 'Available', NULL, '2025-05-16 05:03:06'),
(0, NULL, 'T', '3:00PM-4:30PM', 'Available', NULL, '2025-05-16 05:03:06'),
(0, NULL, 'W', '3:00PM-4:30PM', 'Available', NULL, '2025-05-16 05:03:06'),
(0, NULL, 'TH', '3:00PM-4:30PM', 'Available', NULL, '2025-05-16 05:03:06'),
(0, NULL, 'F', '3:00PM-4:30PM', 'Available', NULL, '2025-05-16 05:03:06'),
(0, NULL, 'S', '3:00PM-4:30PM', 'Available', NULL, '2025-05-16 05:03:06'),
(0, NULL, 'M', '4:30PM-6:00PM', 'Available', NULL, '2025-05-16 05:03:06'),
(0, NULL, 'T', '4:30PM-6:00PM', 'Available', NULL, '2025-05-16 05:03:06'),
(0, NULL, 'W', '4:30PM-6:00PM', 'Available', NULL, '2025-05-16 05:03:06'),
(0, NULL, 'TH', '4:30PM-6:00PM', 'Available', NULL, '2025-05-16 05:03:06'),
(0, NULL, 'F', '4:30PM-6:00PM', 'Available', NULL, '2025-05-16 05:03:06'),
(0, NULL, 'S', '4:30PM-6:00PM', 'Available', NULL, '2025-05-16 05:03:06'),
(0, NULL, 'M', '6:00PM-7:30PM', 'Available', NULL, '2025-05-16 05:03:06'),
(0, NULL, 'T', '6:00PM-7:30PM', 'Available', NULL, '2025-05-16 05:03:06'),
(0, NULL, 'W', '6:00PM-7:30PM', 'Available', NULL, '2025-05-16 05:03:06'),
(0, NULL, 'TH', '6:00PM-7:30PM', 'Available', NULL, '2025-05-16 05:03:06'),
(0, NULL, 'F', '6:00PM-7:30PM', 'Available', NULL, '2025-05-16 05:03:06'),
(0, NULL, 'S', '6:00PM-7:30PM', 'Available', NULL, '2025-05-16 05:03:06'),
(0, NULL, 'M', '7:30PM-9:00PM', 'Available', NULL, '2025-05-16 05:03:06'),
(0, NULL, 'T', '7:30PM-9:00PM', 'Available', NULL, '2025-05-16 05:03:06'),
(0, NULL, 'W', '7:30PM-9:00PM', 'Available', NULL, '2025-05-16 05:03:06'),
(0, NULL, 'TH', '7:30PM-9:00PM', 'Available', NULL, '2025-05-16 05:03:06'),
(0, NULL, 'F', '7:30PM-9:00PM', 'Available', NULL, '2025-05-16 05:03:06'),
(0, NULL, 'S', '7:30PM-9:00PM', 'Available', NULL, '2025-05-16 05:03:06'),
(0, NULL, 'M', '7:30AM-9:00AM', 'Available', NULL, '2025-05-16 05:03:07'),
(0, NULL, 'T', '7:30AM-9:00AM', 'Unavailable', NULL, '2025-05-16 05:03:07'),
(0, NULL, 'W', '7:30AM-9:00AM', 'Unavailable', NULL, '2025-05-16 05:03:07'),
(0, NULL, 'TH', '7:30AM-9:00AM', 'Unavailable', NULL, '2025-05-16 05:03:07'),
(0, NULL, 'F', '7:30AM-9:00AM', 'Unavailable', NULL, '2025-05-16 05:03:07'),
(0, NULL, 'S', '7:30AM-9:00AM', 'Unavailable', NULL, '2025-05-16 05:03:07'),
(0, NULL, 'M', '9:00AM-10:30AM', 'Available', NULL, '2025-05-16 05:03:07'),
(0, NULL, 'T', '9:00AM-10:30AM', 'Available', NULL, '2025-05-16 05:03:07'),
(0, NULL, 'W', '9:00AM-10:30AM', 'Available', NULL, '2025-05-16 05:03:07'),
(0, NULL, 'TH', '9:00AM-10:30AM', 'Available', NULL, '2025-05-16 05:03:07'),
(0, NULL, 'F', '9:00AM-10:30AM', 'Available', NULL, '2025-05-16 05:03:07'),
(0, NULL, 'S', '9:00AM-10:30AM', 'Available', NULL, '2025-05-16 05:03:07'),
(0, NULL, 'M', '10:30AM-12:00PM', 'Available', NULL, '2025-05-16 05:03:07'),
(0, NULL, 'T', '10:30AM-12:00PM', 'Available', NULL, '2025-05-16 05:03:07'),
(0, NULL, 'W', '10:30AM-12:00PM', 'Available', NULL, '2025-05-16 05:03:07'),
(0, NULL, 'TH', '10:30AM-12:00PM', 'Available', NULL, '2025-05-16 05:03:07'),
(0, NULL, 'F', '10:30AM-12:00PM', 'Available', NULL, '2025-05-16 05:03:07'),
(0, NULL, 'S', '10:30AM-12:00PM', 'Available', NULL, '2025-05-16 05:03:07'),
(0, NULL, 'M', '12:00PM-1:00PM', 'Available', NULL, '2025-05-16 05:03:07'),
(0, NULL, 'T', '12:00PM-1:00PM', 'Available', NULL, '2025-05-16 05:03:07'),
(0, NULL, 'W', '12:00PM-1:00PM', 'Available', NULL, '2025-05-16 05:03:07'),
(0, NULL, 'TH', '12:00PM-1:00PM', 'Available', NULL, '2025-05-16 05:03:07'),
(0, NULL, 'F', '12:00PM-1:00PM', 'Available', NULL, '2025-05-16 05:03:07'),
(0, NULL, 'S', '12:00PM-1:00PM', 'Available', NULL, '2025-05-16 05:03:07'),
(0, NULL, 'M', '1:00PM-3:00PM', 'Available', NULL, '2025-05-16 05:03:07'),
(0, NULL, 'T', '1:00PM-3:00PM', 'Available', NULL, '2025-05-16 05:03:07'),
(0, NULL, 'W', '1:00PM-3:00PM', 'Available', NULL, '2025-05-16 05:03:07'),
(0, NULL, 'TH', '1:00PM-3:00PM', 'Available', NULL, '2025-05-16 05:03:07'),
(0, NULL, 'F', '1:00PM-3:00PM', 'Available', NULL, '2025-05-16 05:03:07'),
(0, NULL, 'S', '1:00PM-3:00PM', 'Available', NULL, '2025-05-16 05:03:07'),
(0, NULL, 'M', '3:00PM-4:30PM', 'Available', NULL, '2025-05-16 05:03:07'),
(0, NULL, 'T', '3:00PM-4:30PM', 'Available', NULL, '2025-05-16 05:03:07'),
(0, NULL, 'W', '3:00PM-4:30PM', 'Available', NULL, '2025-05-16 05:03:07'),
(0, NULL, 'TH', '3:00PM-4:30PM', 'Available', NULL, '2025-05-16 05:03:07'),
(0, NULL, 'F', '3:00PM-4:30PM', 'Available', NULL, '2025-05-16 05:03:07'),
(0, NULL, 'S', '3:00PM-4:30PM', 'Available', NULL, '2025-05-16 05:03:07'),
(0, NULL, 'M', '4:30PM-6:00PM', 'Available', NULL, '2025-05-16 05:03:07'),
(0, NULL, 'T', '4:30PM-6:00PM', 'Available', NULL, '2025-05-16 05:03:07'),
(0, NULL, 'W', '4:30PM-6:00PM', 'Available', NULL, '2025-05-16 05:03:07'),
(0, NULL, 'TH', '4:30PM-6:00PM', 'Available', NULL, '2025-05-16 05:03:07'),
(0, NULL, 'F', '4:30PM-6:00PM', 'Available', NULL, '2025-05-16 05:03:07'),
(0, NULL, 'S', '4:30PM-6:00PM', 'Available', NULL, '2025-05-16 05:03:07'),
(0, NULL, 'M', '6:00PM-7:30PM', 'Available', NULL, '2025-05-16 05:03:07'),
(0, NULL, 'T', '6:00PM-7:30PM', 'Available', NULL, '2025-05-16 05:03:07'),
(0, NULL, 'W', '6:00PM-7:30PM', 'Available', NULL, '2025-05-16 05:03:07'),
(0, NULL, 'TH', '6:00PM-7:30PM', 'Available', NULL, '2025-05-16 05:03:07'),
(0, NULL, 'F', '6:00PM-7:30PM', 'Available', NULL, '2025-05-16 05:03:07'),
(0, NULL, 'S', '6:00PM-7:30PM', 'Available', NULL, '2025-05-16 05:03:07'),
(0, NULL, 'M', '7:30PM-9:00PM', 'Available', NULL, '2025-05-16 05:03:07'),
(0, NULL, 'T', '7:30PM-9:00PM', 'Available', NULL, '2025-05-16 05:03:07'),
(0, NULL, 'W', '7:30PM-9:00PM', 'Available', NULL, '2025-05-16 05:03:07'),
(0, NULL, 'TH', '7:30PM-9:00PM', 'Available', NULL, '2025-05-16 05:03:07'),
(0, NULL, 'F', '7:30PM-9:00PM', 'Available', NULL, '2025-05-16 05:03:07'),
(0, NULL, 'S', '7:30PM-9:00PM', 'Available', NULL, '2025-05-16 05:03:07'),
(0, NULL, 'M', '7:30AM-9:00AM', 'Available', NULL, '2025-05-16 05:03:07'),
(0, NULL, 'T', '7:30AM-9:00AM', 'Unavailable', NULL, '2025-05-16 05:03:07'),
(0, NULL, 'W', '7:30AM-9:00AM', 'Unavailable', NULL, '2025-05-16 05:03:07'),
(0, NULL, 'TH', '7:30AM-9:00AM', 'Unavailable', NULL, '2025-05-16 05:03:07'),
(0, NULL, 'F', '7:30AM-9:00AM', 'Unavailable', NULL, '2025-05-16 05:03:07'),
(0, NULL, 'S', '7:30AM-9:00AM', 'Unavailable', NULL, '2025-05-16 05:03:07'),
(0, NULL, 'M', '9:00AM-10:30AM', 'Available', NULL, '2025-05-16 05:03:07'),
(0, NULL, 'T', '9:00AM-10:30AM', 'Available', NULL, '2025-05-16 05:03:07'),
(0, NULL, 'W', '9:00AM-10:30AM', 'Available', NULL, '2025-05-16 05:03:07'),
(0, NULL, 'TH', '9:00AM-10:30AM', 'Available', NULL, '2025-05-16 05:03:07'),
(0, NULL, 'F', '9:00AM-10:30AM', 'Available', NULL, '2025-05-16 05:03:07'),
(0, NULL, 'S', '9:00AM-10:30AM', 'Available', NULL, '2025-05-16 05:03:07'),
(0, NULL, 'M', '10:30AM-12:00PM', 'Available', NULL, '2025-05-16 05:03:07'),
(0, NULL, 'T', '10:30AM-12:00PM', 'Available', NULL, '2025-05-16 05:03:07'),
(0, NULL, 'W', '10:30AM-12:00PM', 'Available', NULL, '2025-05-16 05:03:07'),
(0, NULL, 'TH', '10:30AM-12:00PM', 'Available', NULL, '2025-05-16 05:03:07'),
(0, NULL, 'F', '10:30AM-12:00PM', 'Available', NULL, '2025-05-16 05:03:07'),
(0, NULL, 'S', '10:30AM-12:00PM', 'Available', NULL, '2025-05-16 05:03:07'),
(0, NULL, 'M', '12:00PM-1:00PM', 'Available', NULL, '2025-05-16 05:03:07'),
(0, NULL, 'T', '12:00PM-1:00PM', 'Available', NULL, '2025-05-16 05:03:07'),
(0, NULL, 'W', '12:00PM-1:00PM', 'Available', NULL, '2025-05-16 05:03:07'),
(0, NULL, 'TH', '12:00PM-1:00PM', 'Available', NULL, '2025-05-16 05:03:07'),
(0, NULL, 'F', '12:00PM-1:00PM', 'Available', NULL, '2025-05-16 05:03:07'),
(0, NULL, 'S', '12:00PM-1:00PM', 'Available', NULL, '2025-05-16 05:03:07'),
(0, NULL, 'M', '1:00PM-3:00PM', 'Available', NULL, '2025-05-16 05:03:07'),
(0, NULL, 'T', '1:00PM-3:00PM', 'Available', NULL, '2025-05-16 05:03:07'),
(0, NULL, 'W', '1:00PM-3:00PM', 'Available', NULL, '2025-05-16 05:03:07'),
(0, NULL, 'TH', '1:00PM-3:00PM', 'Available', NULL, '2025-05-16 05:03:07'),
(0, NULL, 'F', '1:00PM-3:00PM', 'Available', NULL, '2025-05-16 05:03:07'),
(0, NULL, 'S', '1:00PM-3:00PM', 'Available', NULL, '2025-05-16 05:03:07'),
(0, NULL, 'M', '3:00PM-4:30PM', 'Available', NULL, '2025-05-16 05:03:07'),
(0, NULL, 'T', '3:00PM-4:30PM', 'Available', NULL, '2025-05-16 05:03:07'),
(0, NULL, 'W', '3:00PM-4:30PM', 'Available', NULL, '2025-05-16 05:03:07'),
(0, NULL, 'TH', '3:00PM-4:30PM', 'Available', NULL, '2025-05-16 05:03:07'),
(0, NULL, 'F', '3:00PM-4:30PM', 'Available', NULL, '2025-05-16 05:03:07'),
(0, NULL, 'S', '3:00PM-4:30PM', 'Available', NULL, '2025-05-16 05:03:07'),
(0, NULL, 'M', '4:30PM-6:00PM', 'Available', NULL, '2025-05-16 05:03:07'),
(0, NULL, 'T', '4:30PM-6:00PM', 'Available', NULL, '2025-05-16 05:03:07'),
(0, NULL, 'W', '4:30PM-6:00PM', 'Available', NULL, '2025-05-16 05:03:07'),
(0, NULL, 'TH', '4:30PM-6:00PM', 'Available', NULL, '2025-05-16 05:03:07'),
(0, NULL, 'F', '4:30PM-6:00PM', 'Available', NULL, '2025-05-16 05:03:07'),
(0, NULL, 'S', '4:30PM-6:00PM', 'Available', NULL, '2025-05-16 05:03:07'),
(0, NULL, 'M', '6:00PM-7:30PM', 'Available', NULL, '2025-05-16 05:03:07'),
(0, NULL, 'T', '6:00PM-7:30PM', 'Available', NULL, '2025-05-16 05:03:07'),
(0, NULL, 'W', '6:00PM-7:30PM', 'Available', NULL, '2025-05-16 05:03:07'),
(0, NULL, 'TH', '6:00PM-7:30PM', 'Available', NULL, '2025-05-16 05:03:07'),
(0, NULL, 'F', '6:00PM-7:30PM', 'Available', NULL, '2025-05-16 05:03:07'),
(0, NULL, 'S', '6:00PM-7:30PM', 'Available', NULL, '2025-05-16 05:03:07'),
(0, NULL, 'M', '7:30PM-9:00PM', 'Available', NULL, '2025-05-16 05:03:07'),
(0, NULL, 'T', '7:30PM-9:00PM', 'Available', NULL, '2025-05-16 05:03:07'),
(0, NULL, 'W', '7:30PM-9:00PM', 'Available', NULL, '2025-05-16 05:03:07'),
(0, NULL, 'TH', '7:30PM-9:00PM', 'Available', NULL, '2025-05-16 05:03:07'),
(0, NULL, 'F', '7:30PM-9:00PM', 'Available', NULL, '2025-05-16 05:03:07'),
(0, NULL, 'S', '7:30PM-9:00PM', 'Available', NULL, '2025-05-16 05:03:07'),
(0, NULL, 'M', '7:30AM-9:00AM', 'Available', NULL, '2025-05-16 05:03:07'),
(0, NULL, 'T', '7:30AM-9:00AM', 'Unavailable', NULL, '2025-05-16 05:03:07'),
(0, NULL, 'W', '7:30AM-9:00AM', 'Unavailable', NULL, '2025-05-16 05:03:07'),
(0, NULL, 'TH', '7:30AM-9:00AM', 'Unavailable', NULL, '2025-05-16 05:03:07'),
(0, NULL, 'F', '7:30AM-9:00AM', 'Unavailable', NULL, '2025-05-16 05:03:07'),
(0, NULL, 'S', '7:30AM-9:00AM', 'Unavailable', NULL, '2025-05-16 05:03:07'),
(0, NULL, 'M', '9:00AM-10:30AM', 'Available', NULL, '2025-05-16 05:03:07'),
(0, NULL, 'T', '9:00AM-10:30AM', 'Available', NULL, '2025-05-16 05:03:07'),
(0, NULL, 'W', '9:00AM-10:30AM', 'Available', NULL, '2025-05-16 05:03:07'),
(0, NULL, 'TH', '9:00AM-10:30AM', 'Available', NULL, '2025-05-16 05:03:07'),
(0, NULL, 'F', '9:00AM-10:30AM', 'Available', NULL, '2025-05-16 05:03:07'),
(0, NULL, 'S', '9:00AM-10:30AM', 'Available', NULL, '2025-05-16 05:03:07'),
(0, NULL, 'M', '10:30AM-12:00PM', 'Available', NULL, '2025-05-16 05:03:07'),
(0, NULL, 'T', '10:30AM-12:00PM', 'Available', NULL, '2025-05-16 05:03:07'),
(0, NULL, 'W', '10:30AM-12:00PM', 'Available', NULL, '2025-05-16 05:03:07'),
(0, NULL, 'TH', '10:30AM-12:00PM', 'Available', NULL, '2025-05-16 05:03:07'),
(0, NULL, 'F', '10:30AM-12:00PM', 'Available', NULL, '2025-05-16 05:03:07'),
(0, NULL, 'S', '10:30AM-12:00PM', 'Available', NULL, '2025-05-16 05:03:07'),
(0, NULL, 'M', '12:00PM-1:00PM', 'Available', NULL, '2025-05-16 05:03:07'),
(0, NULL, 'T', '12:00PM-1:00PM', 'Available', NULL, '2025-05-16 05:03:07'),
(0, NULL, 'W', '12:00PM-1:00PM', 'Available', NULL, '2025-05-16 05:03:07'),
(0, NULL, 'TH', '12:00PM-1:00PM', 'Available', NULL, '2025-05-16 05:03:07'),
(0, NULL, 'F', '12:00PM-1:00PM', 'Available', NULL, '2025-05-16 05:03:07'),
(0, NULL, 'S', '12:00PM-1:00PM', 'Available', NULL, '2025-05-16 05:03:07'),
(0, NULL, 'M', '1:00PM-3:00PM', 'Available', NULL, '2025-05-16 05:03:07'),
(0, NULL, 'T', '1:00PM-3:00PM', 'Available', NULL, '2025-05-16 05:03:07'),
(0, NULL, 'W', '1:00PM-3:00PM', 'Available', NULL, '2025-05-16 05:03:07'),
(0, NULL, 'TH', '1:00PM-3:00PM', 'Available', NULL, '2025-05-16 05:03:07'),
(0, NULL, 'F', '1:00PM-3:00PM', 'Available', NULL, '2025-05-16 05:03:07'),
(0, NULL, 'S', '1:00PM-3:00PM', 'Available', NULL, '2025-05-16 05:03:07'),
(0, NULL, 'M', '3:00PM-4:30PM', 'Available', NULL, '2025-05-16 05:03:07'),
(0, NULL, 'T', '3:00PM-4:30PM', 'Available', NULL, '2025-05-16 05:03:07'),
(0, NULL, 'W', '3:00PM-4:30PM', 'Available', NULL, '2025-05-16 05:03:07'),
(0, NULL, 'TH', '3:00PM-4:30PM', 'Available', NULL, '2025-05-16 05:03:07'),
(0, NULL, 'F', '3:00PM-4:30PM', 'Available', NULL, '2025-05-16 05:03:07'),
(0, NULL, 'S', '3:00PM-4:30PM', 'Available', NULL, '2025-05-16 05:03:07'),
(0, NULL, 'M', '4:30PM-6:00PM', 'Available', NULL, '2025-05-16 05:03:07'),
(0, NULL, 'T', '4:30PM-6:00PM', 'Available', NULL, '2025-05-16 05:03:07'),
(0, NULL, 'W', '4:30PM-6:00PM', 'Available', NULL, '2025-05-16 05:03:07'),
(0, NULL, 'TH', '4:30PM-6:00PM', 'Available', NULL, '2025-05-16 05:03:07'),
(0, NULL, 'F', '4:30PM-6:00PM', 'Available', NULL, '2025-05-16 05:03:07'),
(0, NULL, 'S', '4:30PM-6:00PM', 'Available', NULL, '2025-05-16 05:03:07'),
(0, NULL, 'M', '6:00PM-7:30PM', 'Available', NULL, '2025-05-16 05:03:07'),
(0, NULL, 'T', '6:00PM-7:30PM', 'Available', NULL, '2025-05-16 05:03:07'),
(0, NULL, 'W', '6:00PM-7:30PM', 'Available', NULL, '2025-05-16 05:03:07'),
(0, NULL, 'TH', '6:00PM-7:30PM', 'Available', NULL, '2025-05-16 05:03:07'),
(0, NULL, 'F', '6:00PM-7:30PM', 'Available', NULL, '2025-05-16 05:03:07'),
(0, NULL, 'S', '6:00PM-7:30PM', 'Available', NULL, '2025-05-16 05:03:07'),
(0, NULL, 'M', '7:30PM-9:00PM', 'Available', NULL, '2025-05-16 05:03:07'),
(0, NULL, 'T', '7:30PM-9:00PM', 'Available', NULL, '2025-05-16 05:03:07'),
(0, NULL, 'W', '7:30PM-9:00PM', 'Available', NULL, '2025-05-16 05:03:07'),
(0, NULL, 'TH', '7:30PM-9:00PM', 'Available', NULL, '2025-05-16 05:03:07'),
(0, NULL, 'F', '7:30PM-9:00PM', 'Available', NULL, '2025-05-16 05:03:07'),
(0, NULL, 'S', '7:30PM-9:00PM', 'Available', NULL, '2025-05-16 05:03:07'),
(0, NULL, 'M', '7:30AM-9:00AM', 'Unavailable', NULL, '2025-05-16 05:03:56'),
(0, NULL, 'T', '7:30AM-9:00AM', 'Unavailable', NULL, '2025-05-16 05:03:56'),
(0, NULL, 'W', '7:30AM-9:00AM', 'Unavailable', NULL, '2025-05-16 05:03:56'),
(0, NULL, 'TH', '7:30AM-9:00AM', 'Unavailable', NULL, '2025-05-16 05:03:56'),
(0, NULL, 'F', '7:30AM-9:00AM', 'Unavailable', NULL, '2025-05-16 05:03:56'),
(0, NULL, 'S', '7:30AM-9:00AM', 'Unavailable', NULL, '2025-05-16 05:03:56'),
(0, NULL, 'M', '9:00AM-10:30AM', 'Available', NULL, '2025-05-16 05:03:56'),
(0, NULL, 'T', '9:00AM-10:30AM', 'Available', NULL, '2025-05-16 05:03:56'),
(0, NULL, 'W', '9:00AM-10:30AM', 'Available', NULL, '2025-05-16 05:03:56'),
(0, NULL, 'TH', '9:00AM-10:30AM', 'Available', NULL, '2025-05-16 05:03:56'),
(0, NULL, 'F', '9:00AM-10:30AM', 'Available', NULL, '2025-05-16 05:03:56'),
(0, NULL, 'S', '9:00AM-10:30AM', 'Available', NULL, '2025-05-16 05:03:56'),
(0, NULL, 'M', '10:30AM-12:00PM', 'Available', NULL, '2025-05-16 05:03:56'),
(0, NULL, 'T', '10:30AM-12:00PM', 'Available', NULL, '2025-05-16 05:03:56'),
(0, NULL, 'W', '10:30AM-12:00PM', 'Available', NULL, '2025-05-16 05:03:56'),
(0, NULL, 'TH', '10:30AM-12:00PM', 'Available', NULL, '2025-05-16 05:03:56'),
(0, NULL, 'F', '10:30AM-12:00PM', 'Available', NULL, '2025-05-16 05:03:56'),
(0, NULL, 'S', '10:30AM-12:00PM', 'Available', NULL, '2025-05-16 05:03:56'),
(0, NULL, 'M', '12:00PM-1:00PM', 'Available', NULL, '2025-05-16 05:03:56'),
(0, NULL, 'T', '12:00PM-1:00PM', 'Available', NULL, '2025-05-16 05:03:56'),
(0, NULL, 'W', '12:00PM-1:00PM', 'Available', NULL, '2025-05-16 05:03:56'),
(0, NULL, 'TH', '12:00PM-1:00PM', 'Available', NULL, '2025-05-16 05:03:56'),
(0, NULL, 'F', '12:00PM-1:00PM', 'Available', NULL, '2025-05-16 05:03:56'),
(0, NULL, 'S', '12:00PM-1:00PM', 'Available', NULL, '2025-05-16 05:03:56'),
(0, NULL, 'M', '1:00PM-3:00PM', 'Available', NULL, '2025-05-16 05:03:56'),
(0, NULL, 'T', '1:00PM-3:00PM', 'Available', NULL, '2025-05-16 05:03:56'),
(0, NULL, 'W', '1:00PM-3:00PM', 'Available', NULL, '2025-05-16 05:03:56'),
(0, NULL, 'TH', '1:00PM-3:00PM', 'Available', NULL, '2025-05-16 05:03:56'),
(0, NULL, 'F', '1:00PM-3:00PM', 'Available', NULL, '2025-05-16 05:03:56'),
(0, NULL, 'S', '1:00PM-3:00PM', 'Available', NULL, '2025-05-16 05:03:56'),
(0, NULL, 'M', '3:00PM-4:30PM', 'Available', NULL, '2025-05-16 05:03:56'),
(0, NULL, 'T', '3:00PM-4:30PM', 'Available', NULL, '2025-05-16 05:03:56'),
(0, NULL, 'W', '3:00PM-4:30PM', 'Available', NULL, '2025-05-16 05:03:56'),
(0, NULL, 'TH', '3:00PM-4:30PM', 'Available', NULL, '2025-05-16 05:03:56'),
(0, NULL, 'F', '3:00PM-4:30PM', 'Available', NULL, '2025-05-16 05:03:56'),
(0, NULL, 'S', '3:00PM-4:30PM', 'Available', NULL, '2025-05-16 05:03:56'),
(0, NULL, 'M', '4:30PM-6:00PM', 'Available', NULL, '2025-05-16 05:03:56'),
(0, NULL, 'T', '4:30PM-6:00PM', 'Available', NULL, '2025-05-16 05:03:56'),
(0, NULL, 'W', '4:30PM-6:00PM', 'Available', NULL, '2025-05-16 05:03:56'),
(0, NULL, 'TH', '4:30PM-6:00PM', 'Available', NULL, '2025-05-16 05:03:56'),
(0, NULL, 'F', '4:30PM-6:00PM', 'Available', NULL, '2025-05-16 05:03:56'),
(0, NULL, 'S', '4:30PM-6:00PM', 'Available', NULL, '2025-05-16 05:03:56'),
(0, NULL, 'M', '6:00PM-7:30PM', 'Available', NULL, '2025-05-16 05:03:56'),
(0, NULL, 'T', '6:00PM-7:30PM', 'Available', NULL, '2025-05-16 05:03:56'),
(0, NULL, 'W', '6:00PM-7:30PM', 'Available', NULL, '2025-05-16 05:03:56'),
(0, NULL, 'TH', '6:00PM-7:30PM', 'Available', NULL, '2025-05-16 05:03:56'),
(0, NULL, 'F', '6:00PM-7:30PM', 'Available', NULL, '2025-05-16 05:03:56'),
(0, NULL, 'S', '6:00PM-7:30PM', 'Available', NULL, '2025-05-16 05:03:56'),
(0, NULL, 'M', '7:30PM-9:00PM', 'Available', NULL, '2025-05-16 05:03:56'),
(0, NULL, 'T', '7:30PM-9:00PM', 'Available', NULL, '2025-05-16 05:03:56'),
(0, NULL, 'W', '7:30PM-9:00PM', 'Available', NULL, '2025-05-16 05:03:56'),
(0, NULL, 'TH', '7:30PM-9:00PM', 'Available', NULL, '2025-05-16 05:03:56'),
(0, NULL, 'F', '7:30PM-9:00PM', 'Available', NULL, '2025-05-16 05:03:56'),
(0, NULL, 'S', '7:30PM-9:00PM', 'Available', NULL, '2025-05-16 05:03:56'),
(0, NULL, 'M', '7:30AM-9:00AM', 'Unavailable', NULL, '2025-05-16 05:04:05'),
(0, NULL, 'T', '7:30AM-9:00AM', 'Unavailable', NULL, '2025-05-16 05:04:05'),
(0, NULL, 'W', '7:30AM-9:00AM', 'Unavailable', NULL, '2025-05-16 05:04:05'),
(0, NULL, 'TH', '7:30AM-9:00AM', 'Unavailable', NULL, '2025-05-16 05:04:05'),
(0, NULL, 'F', '7:30AM-9:00AM', 'Unavailable', NULL, '2025-05-16 05:04:05'),
(0, NULL, 'S', '7:30AM-9:00AM', 'Unavailable', NULL, '2025-05-16 05:04:05'),
(0, NULL, 'M', '9:00AM-10:30AM', 'Available', NULL, '2025-05-16 05:04:05'),
(0, NULL, 'T', '9:00AM-10:30AM', 'Available', NULL, '2025-05-16 05:04:05'),
(0, NULL, 'W', '9:00AM-10:30AM', 'Available', NULL, '2025-05-16 05:04:05'),
(0, NULL, 'TH', '9:00AM-10:30AM', 'Available', NULL, '2025-05-16 05:04:05'),
(0, NULL, 'F', '9:00AM-10:30AM', 'Available', NULL, '2025-05-16 05:04:05'),
(0, NULL, 'S', '9:00AM-10:30AM', 'Available', NULL, '2025-05-16 05:04:05'),
(0, NULL, 'M', '10:30AM-12:00PM', 'Available', NULL, '2025-05-16 05:04:05'),
(0, NULL, 'T', '10:30AM-12:00PM', 'Available', NULL, '2025-05-16 05:04:05'),
(0, NULL, 'W', '10:30AM-12:00PM', 'Available', NULL, '2025-05-16 05:04:05'),
(0, NULL, 'TH', '10:30AM-12:00PM', 'Available', NULL, '2025-05-16 05:04:05'),
(0, NULL, 'F', '10:30AM-12:00PM', 'Available', NULL, '2025-05-16 05:04:05'),
(0, NULL, 'S', '10:30AM-12:00PM', 'Available', NULL, '2025-05-16 05:04:05'),
(0, NULL, 'M', '12:00PM-1:00PM', 'Available', NULL, '2025-05-16 05:04:05'),
(0, NULL, 'T', '12:00PM-1:00PM', 'Available', NULL, '2025-05-16 05:04:05'),
(0, NULL, 'W', '12:00PM-1:00PM', 'Available', NULL, '2025-05-16 05:04:05'),
(0, NULL, 'TH', '12:00PM-1:00PM', 'Available', NULL, '2025-05-16 05:04:05'),
(0, NULL, 'F', '12:00PM-1:00PM', 'Available', NULL, '2025-05-16 05:04:05'),
(0, NULL, 'S', '12:00PM-1:00PM', 'Available', NULL, '2025-05-16 05:04:05'),
(0, NULL, 'M', '1:00PM-3:00PM', 'Available', NULL, '2025-05-16 05:04:05'),
(0, NULL, 'T', '1:00PM-3:00PM', 'Available', NULL, '2025-05-16 05:04:05'),
(0, NULL, 'W', '1:00PM-3:00PM', 'Available', NULL, '2025-05-16 05:04:05'),
(0, NULL, 'TH', '1:00PM-3:00PM', 'Available', NULL, '2025-05-16 05:04:05'),
(0, NULL, 'F', '1:00PM-3:00PM', 'Available', NULL, '2025-05-16 05:04:05'),
(0, NULL, 'S', '1:00PM-3:00PM', 'Available', NULL, '2025-05-16 05:04:05'),
(0, NULL, 'M', '3:00PM-4:30PM', 'Available', NULL, '2025-05-16 05:04:05'),
(0, NULL, 'T', '3:00PM-4:30PM', 'Available', NULL, '2025-05-16 05:04:05'),
(0, NULL, 'W', '3:00PM-4:30PM', 'Available', NULL, '2025-05-16 05:04:05'),
(0, NULL, 'TH', '3:00PM-4:30PM', 'Available', NULL, '2025-05-16 05:04:05'),
(0, NULL, 'F', '3:00PM-4:30PM', 'Available', NULL, '2025-05-16 05:04:05'),
(0, NULL, 'S', '3:00PM-4:30PM', 'Available', NULL, '2025-05-16 05:04:05'),
(0, NULL, 'M', '4:30PM-6:00PM', 'Available', NULL, '2025-05-16 05:04:05'),
(0, NULL, 'T', '4:30PM-6:00PM', 'Available', NULL, '2025-05-16 05:04:05'),
(0, NULL, 'W', '4:30PM-6:00PM', 'Available', NULL, '2025-05-16 05:04:05'),
(0, NULL, 'TH', '4:30PM-6:00PM', 'Available', NULL, '2025-05-16 05:04:05'),
(0, NULL, 'F', '4:30PM-6:00PM', 'Available', NULL, '2025-05-16 05:04:05'),
(0, NULL, 'S', '4:30PM-6:00PM', 'Available', NULL, '2025-05-16 05:04:05'),
(0, NULL, 'M', '6:00PM-7:30PM', 'Available', NULL, '2025-05-16 05:04:05'),
(0, NULL, 'T', '6:00PM-7:30PM', 'Available', NULL, '2025-05-16 05:04:05'),
(0, NULL, 'W', '6:00PM-7:30PM', 'Available', NULL, '2025-05-16 05:04:05'),
(0, NULL, 'TH', '6:00PM-7:30PM', 'Available', NULL, '2025-05-16 05:04:05'),
(0, NULL, 'F', '6:00PM-7:30PM', 'Available', NULL, '2025-05-16 05:04:05'),
(0, NULL, 'S', '6:00PM-7:30PM', 'Available', NULL, '2025-05-16 05:04:05'),
(0, NULL, 'M', '7:30PM-9:00PM', 'Available', NULL, '2025-05-16 05:04:05'),
(0, NULL, 'T', '7:30PM-9:00PM', 'Available', NULL, '2025-05-16 05:04:05'),
(0, NULL, 'W', '7:30PM-9:00PM', 'Available', NULL, '2025-05-16 05:04:05'),
(0, NULL, 'TH', '7:30PM-9:00PM', 'Available', NULL, '2025-05-16 05:04:05'),
(0, NULL, 'F', '7:30PM-9:00PM', 'Available', NULL, '2025-05-16 05:04:05'),
(0, NULL, 'S', '7:30PM-9:00PM', 'Available', NULL, '2025-05-16 05:04:05'),
(0, '544', 'M', '7:30AM-9:00AM', 'Unavailable', NULL, '2025-05-16 05:12:49'),
(0, '544', 'T', '7:30AM-9:00AM', 'Available', NULL, '2025-05-16 05:12:49'),
(0, '544', 'W', '7:30AM-9:00AM', 'Available', NULL, '2025-05-16 05:12:49'),
(0, '544', 'TH', '7:30AM-9:00AM', 'Available', NULL, '2025-05-16 05:12:49'),
(0, '544', 'F', '7:30AM-9:00AM', 'Available', NULL, '2025-05-16 05:12:49'),
(0, '544', 'S', '7:30AM-9:00AM', 'Available', NULL, '2025-05-16 05:12:49'),
(0, '544', 'M', '9:00AM-10:30AM', 'Unavailable', NULL, '2025-05-16 05:12:49'),
(0, '544', 'T', '9:00AM-10:30AM', 'Available', NULL, '2025-05-16 05:12:49'),
(0, '544', 'W', '9:00AM-10:30AM', 'Available', NULL, '2025-05-16 05:12:49'),
(0, '544', 'TH', '9:00AM-10:30AM', 'Available', NULL, '2025-05-16 05:12:49'),
(0, '544', 'F', '9:00AM-10:30AM', 'Available', NULL, '2025-05-16 05:12:49'),
(0, '544', 'S', '9:00AM-10:30AM', 'Available', NULL, '2025-05-16 05:12:49'),
(0, '544', 'M', '10:30AM-12:00PM', 'Unavailable', NULL, '2025-05-16 05:12:49'),
(0, '544', 'T', '10:30AM-12:00PM', 'Available', NULL, '2025-05-16 05:12:49'),
(0, '544', 'W', '10:30AM-12:00PM', 'Available', NULL, '2025-05-16 05:12:49'),
(0, '544', 'TH', '10:30AM-12:00PM', 'Available', NULL, '2025-05-16 05:12:49'),
(0, '544', 'F', '10:30AM-12:00PM', 'Available', NULL, '2025-05-16 05:12:49'),
(0, '544', 'S', '10:30AM-12:00PM', 'Available', NULL, '2025-05-16 05:12:49'),
(0, '544', 'M', '12:00PM-1:00PM', 'Unavailable', NULL, '2025-05-16 05:12:49'),
(0, '544', 'T', '12:00PM-1:00PM', 'Available', NULL, '2025-05-16 05:12:49'),
(0, '544', 'W', '12:00PM-1:00PM', 'Available', NULL, '2025-05-16 05:12:49'),
(0, '544', 'TH', '12:00PM-1:00PM', 'Available', NULL, '2025-05-16 05:12:49'),
(0, '544', 'F', '12:00PM-1:00PM', 'Available', NULL, '2025-05-16 05:12:49'),
(0, '544', 'S', '12:00PM-1:00PM', 'Available', NULL, '2025-05-16 05:12:49'),
(0, '544', 'M', '1:00PM-3:00PM', 'Unavailable', NULL, '2025-05-16 05:12:49'),
(0, '544', 'T', '1:00PM-3:00PM', 'Available', NULL, '2025-05-16 05:12:49'),
(0, '544', 'W', '1:00PM-3:00PM', 'Available', NULL, '2025-05-16 05:12:49'),
(0, '544', 'TH', '1:00PM-3:00PM', 'Available', NULL, '2025-05-16 05:12:49'),
(0, '544', 'F', '1:00PM-3:00PM', 'Available', NULL, '2025-05-16 05:12:49'),
(0, '544', 'S', '1:00PM-3:00PM', 'Available', NULL, '2025-05-16 05:12:49'),
(0, '544', 'M', '3:00PM-4:30PM', 'Unavailable', NULL, '2025-05-16 05:12:49'),
(0, '544', 'T', '3:00PM-4:30PM', 'Available', NULL, '2025-05-16 05:12:49'),
(0, '544', 'W', '3:00PM-4:30PM', 'Available', NULL, '2025-05-16 05:12:49'),
(0, '544', 'TH', '3:00PM-4:30PM', 'Available', NULL, '2025-05-16 05:12:49'),
(0, '544', 'F', '3:00PM-4:30PM', 'Available', NULL, '2025-05-16 05:12:49'),
(0, '544', 'S', '3:00PM-4:30PM', 'Available', NULL, '2025-05-16 05:12:49'),
(0, '544', 'M', '4:30PM-6:00PM', 'Unavailable', NULL, '2025-05-16 05:12:49'),
(0, '544', 'T', '4:30PM-6:00PM', 'Available', NULL, '2025-05-16 05:12:49'),
(0, '544', 'W', '4:30PM-6:00PM', 'Available', NULL, '2025-05-16 05:12:49'),
(0, '544', 'TH', '4:30PM-6:00PM', 'Available', NULL, '2025-05-16 05:12:49'),
(0, '544', 'F', '4:30PM-6:00PM', 'Available', NULL, '2025-05-16 05:12:49'),
(0, '544', 'S', '4:30PM-6:00PM', 'Available', NULL, '2025-05-16 05:12:49'),
(0, '544', 'M', '6:00PM-7:30PM', 'Unavailable', NULL, '2025-05-16 05:12:49'),
(0, '544', 'T', '6:00PM-7:30PM', 'Available', NULL, '2025-05-16 05:12:49'),
(0, '544', 'W', '6:00PM-7:30PM', 'Available', NULL, '2025-05-16 05:12:49'),
(0, '544', 'TH', '6:00PM-7:30PM', 'Available', NULL, '2025-05-16 05:12:49'),
(0, '544', 'F', '6:00PM-7:30PM', 'Available', NULL, '2025-05-16 05:12:49'),
(0, '544', 'S', '6:00PM-7:30PM', 'Available', NULL, '2025-05-16 05:12:49'),
(0, '544', 'M', '7:30PM-9:00PM', 'Unavailable', NULL, '2025-05-16 05:12:49'),
(0, '544', 'T', '7:30PM-9:00PM', 'Available', NULL, '2025-05-16 05:12:49'),
(0, '544', 'W', '7:30PM-9:00PM', 'Available', NULL, '2025-05-16 05:12:49'),
(0, '544', 'TH', '7:30PM-9:00PM', 'Available', NULL, '2025-05-16 05:12:49'),
(0, '544', 'F', '7:30PM-9:00PM', 'Available', NULL, '2025-05-16 05:12:49'),
(0, '544', 'S', '7:30PM-9:00PM', 'Available', NULL, '2025-05-16 05:12:49'),
(0, '524', 'M', '7:30AM-9:00AM', 'Unavailable', NULL, '2025-05-16 05:13:00'),
(0, '524', 'T', '7:30AM-9:00AM', 'Unavailable', NULL, '2025-05-16 05:13:00'),
(0, '524', 'W', '7:30AM-9:00AM', 'Unavailable', NULL, '2025-05-16 05:13:00'),
(0, '524', 'TH', '7:30AM-9:00AM', 'Unavailable', NULL, '2025-05-16 05:13:00'),
(0, '524', 'F', '7:30AM-9:00AM', 'Unavailable', NULL, '2025-05-16 05:13:00'),
(0, '524', 'S', '7:30AM-9:00AM', 'Unavailable', NULL, '2025-05-16 05:13:00'),
(0, '524', 'M', '9:00AM-10:30AM', 'Unavailable', NULL, '2025-05-16 05:13:00'),
(0, '524', 'T', '9:00AM-10:30AM', 'Unavailable', NULL, '2025-05-16 05:13:00'),
(0, '524', 'W', '9:00AM-10:30AM', 'Unavailable', NULL, '2025-05-16 05:13:00'),
(0, '524', 'TH', '9:00AM-10:30AM', 'Unavailable', NULL, '2025-05-16 05:13:00'),
(0, '524', 'F', '9:00AM-10:30AM', 'Unavailable', NULL, '2025-05-16 05:13:00'),
(0, '524', 'S', '9:00AM-10:30AM', 'Unavailable', NULL, '2025-05-16 05:13:00'),
(0, '524', 'M', '10:30AM-12:00PM', 'Available', NULL, '2025-05-16 05:13:00'),
(0, '524', 'T', '10:30AM-12:00PM', 'Available', NULL, '2025-05-16 05:13:00'),
(0, '524', 'W', '10:30AM-12:00PM', 'Available', NULL, '2025-05-16 05:13:00'),
(0, '524', 'TH', '10:30AM-12:00PM', 'Available', NULL, '2025-05-16 05:13:00'),
(0, '524', 'F', '10:30AM-12:00PM', 'Available', NULL, '2025-05-16 05:13:00'),
(0, '524', 'S', '10:30AM-12:00PM', 'Available', NULL, '2025-05-16 05:13:00'),
(0, '524', 'M', '12:00PM-1:00PM', 'Available', NULL, '2025-05-16 05:13:00'),
(0, '524', 'T', '12:00PM-1:00PM', 'Available', NULL, '2025-05-16 05:13:00'),
(0, '524', 'W', '12:00PM-1:00PM', 'Available', NULL, '2025-05-16 05:13:00'),
(0, '524', 'TH', '12:00PM-1:00PM', 'Available', NULL, '2025-05-16 05:13:00'),
(0, '524', 'F', '12:00PM-1:00PM', 'Available', NULL, '2025-05-16 05:13:00'),
(0, '524', 'S', '12:00PM-1:00PM', 'Available', NULL, '2025-05-16 05:13:00'),
(0, '524', 'M', '1:00PM-3:00PM', 'Available', NULL, '2025-05-16 05:13:00'),
(0, '524', 'T', '1:00PM-3:00PM', 'Available', NULL, '2025-05-16 05:13:00'),
(0, '524', 'W', '1:00PM-3:00PM', 'Unavailable', NULL, '2025-05-16 05:13:00'),
(0, '524', 'TH', '1:00PM-3:00PM', 'Available', NULL, '2025-05-16 05:13:00'),
(0, '524', 'F', '1:00PM-3:00PM', 'Available', NULL, '2025-05-16 05:13:00'),
(0, '524', 'S', '1:00PM-3:00PM', 'Available', NULL, '2025-05-16 05:13:00'),
(0, '524', 'M', '3:00PM-4:30PM', 'Available', NULL, '2025-05-16 05:13:00'),
(0, '524', 'T', '3:00PM-4:30PM', 'Available', NULL, '2025-05-16 05:13:00'),
(0, '524', 'W', '3:00PM-4:30PM', 'Available', NULL, '2025-05-16 05:13:00'),
(0, '524', 'TH', '3:00PM-4:30PM', 'Unavailable', NULL, '2025-05-16 05:13:00'),
(0, '524', 'F', '3:00PM-4:30PM', 'Unavailable', NULL, '2025-05-16 05:13:00'),
(0, '524', 'S', '3:00PM-4:30PM', 'Unavailable', NULL, '2025-05-16 05:13:00'),
(0, '524', 'M', '4:30PM-6:00PM', 'Available', NULL, '2025-05-16 05:13:00'),
(0, '524', 'T', '4:30PM-6:00PM', 'Available', NULL, '2025-05-16 05:13:00'),
(0, '524', 'W', '4:30PM-6:00PM', 'Available', NULL, '2025-05-16 05:13:00'),
(0, '524', 'TH', '4:30PM-6:00PM', 'Available', NULL, '2025-05-16 05:13:00'),
(0, '524', 'F', '4:30PM-6:00PM', 'Available', NULL, '2025-05-16 05:13:00'),
(0, '524', 'S', '4:30PM-6:00PM', 'Available', NULL, '2025-05-16 05:13:00'),
(0, '524', 'M', '6:00PM-7:30PM', 'Available', NULL, '2025-05-16 05:13:00'),
(0, '524', 'T', '6:00PM-7:30PM', 'Available', NULL, '2025-05-16 05:13:00'),
(0, '524', 'W', '6:00PM-7:30PM', 'Available', NULL, '2025-05-16 05:13:00'),
(0, '524', 'TH', '6:00PM-7:30PM', 'Available', NULL, '2025-05-16 05:13:00'),
(0, '524', 'F', '6:00PM-7:30PM', 'Available', NULL, '2025-05-16 05:13:00'),
(0, '524', 'S', '6:00PM-7:30PM', 'Available', NULL, '2025-05-16 05:13:00'),
(0, '524', 'M', '7:30PM-9:00PM', 'Available', NULL, '2025-05-16 05:13:00'),
(0, '524', 'T', '7:30PM-9:00PM', 'Available', NULL, '2025-05-16 05:13:00'),
(0, '524', 'W', '7:30PM-9:00PM', 'Available', NULL, '2025-05-16 05:13:00'),
(0, '524', 'TH', '7:30PM-9:00PM', 'Available', NULL, '2025-05-16 05:13:00'),
(0, '524', 'F', '7:30PM-9:00PM', 'Available', NULL, '2025-05-16 05:13:00'),
(0, '524', 'S', '7:30PM-9:00PM', 'Available', NULL, '2025-05-16 05:13:00');

-- --------------------------------------------------------

--
-- Table structure for table `login_records`
--

CREATE TABLE `login_records` (
  `IDNO` int(11) NOT NULL,
  `FULLNAME` varchar(255) NOT NULL,
  `TIME_IN` datetime NOT NULL,
  `TIME_OUT` datetime NOT NULL,
  `LAB_ROOM` enum('524','526','528','530','542','544') NOT NULL,
  `PURPOSE` varchar(255) NOT NULL
) ENGINE=InnoDB DEFAULT CHARSET=utf8mb4 COLLATE=utf8mb4_general_ci;

--
-- Dumping data for table `login_records`
--

INSERT INTO `login_records` (`IDNO`, `FULLNAME`, `TIME_IN`, `TIME_OUT`, `LAB_ROOM`, `PURPOSE`) VALUES
(2000, 'You C Tube', '2025-05-10 15:37:10', '2025-05-11 17:30:26', '528', 'Java Programming'),
(5000, 'Scatter V Unli', '2025-05-11 17:31:25', '2025-05-11 17:35:07', '530', 'Java Programming'),
(2000, 'You C Tube', '2025-05-13 13:09:01', '2025-05-13 14:38:55', '526', 'Java Programming'),
(5000, '', '2025-05-13 08:32:51', '2025-05-13 14:38:55', '530', 'Mobile Application'),
(3000, '', '2025-05-13 08:33:40', '2025-05-13 14:38:53', '542', 'Computer Application'),
(6000, '', '2025-05-13 08:38:39', '2025-05-13 14:38:54', '528', 'C Programming'),
(3000, '', '2025-05-13 09:02:42', '2025-05-13 19:35:39', '524', 'Java Programming'),
(6000, '', '2025-05-13 09:04:49', '2025-05-13 15:06:44', '544', 'Computer Application'),
(5000, '', '2025-05-13 09:05:05', '2025-05-13 15:06:43', '524', 'Digital logic & Design'),
(2000, '', '2025-05-13 09:06:15', '2025-05-13 15:06:36', '530', 'Project Management'),
(2000, '', '2025-05-13 10:37:13', '2025-05-13 19:35:38', '528', 'C Programming'),
(5000, '', '2025-05-13 10:37:44', '2025-05-13 19:35:36', '542', 'System Integration & Architecture'),
(6000, '', '2025-05-13 10:38:01', '2025-05-13 19:35:35', '544', 'Others...'),
(2000, 'You C Tube', '2025-05-13 20:50:32', '2025-05-13 20:56:33', '530', 'C# Programming'),
(3000, 'Gram T Insta', '2025-05-13 21:16:18', '2025-05-13 21:16:48', '526', 'Java Programming'),
(1000, 'ups c Dags', '2025-05-14 01:58:36', '2025-05-14 02:00:34', '526', 'C# Programming'),
(8000, 'ting s bag', '2025-05-14 01:59:26', '2025-05-14 02:00:39', '524', 'System Integration & Architecture'),
(1000, 'ups c Dags', '2025-05-14 02:02:05', '2025-05-14 02:13:49', '524', 'C Programming'),
(2000, 'You C Tube', '2025-05-14 02:03:16', '2025-05-14 02:20:00', '526', 'Java Programming'),
(3000, 'Gram T Insta', '2025-05-14 02:03:34', '2025-05-14 02:19:59', '528', 'C# Programming'),
(5000, 'Scatter V Unli', '2025-05-14 02:04:15', '2025-05-14 02:19:59', '530', 'System Integration & Architecture'),
(6000, 'Cabal V Helix', '2025-05-14 02:06:48', '2025-05-14 02:19:58', '542', 'Embedded System & IoT'),
(7000, 'Kalang  G Sakin', '2025-05-14 02:08:04', '2025-05-14 02:19:57', '544', 'Digital logic & Design'),
(9000, 'Dadark N Piano', '2025-05-14 02:20:18', '2025-05-14 02:27:30', '524', 'Java Programming'),
(1000, 'ups c Dags', '2025-05-14 02:27:52', '2025-05-14 02:40:05', '524', 'C Programming'),
(2000, 'You C Tube', '2025-05-14 02:28:02', '2025-05-14 02:46:42', '524', 'Embedded System & IoT'),
(8000, 'ting s bag', '2025-05-14 02:28:10', '2025-05-14 02:46:41', '526', 'Digital logic & Design'),
(6000, 'Cabal V Helix', '2025-05-14 02:28:22', '2025-05-14 02:46:40', '530', 'Embedded System & IoT'),
(5000, 'Scatter V Unli', '2025-05-14 02:28:45', '2025-05-14 02:46:39', '542', 'Database'),
(3000, 'Gram T Insta', '2025-05-14 02:31:37', '2025-05-14 02:46:39', '530', 'Project Management'),
(9000, 'Dadark N Piano', '2025-05-14 02:32:20', '2025-05-14 02:46:38', '544', 'Digital logic & Design'),
(1000, 'ups c Dags', '2025-05-14 02:56:25', '2025-05-14 03:07:10', '524', 'C Programming'),
(2000, 'You C Tube', '2025-05-14 03:01:18', '2025-05-14 04:45:58', '526', 'Database'),
(5000, 'Scatter V Unli', '2025-05-14 03:06:53', '2025-05-14 04:45:58', '526', 'Java Programming'),
(9000, 'Dadark N Piano', '2025-05-14 03:12:52', '2025-05-14 04:45:56', '530', 'C Programming'),
(3000, 'Gram T Insta', '2025-05-14 03:39:29', '2025-05-14 04:45:55', '528', 'Java Programming'),
(1000, 'ups c Dags', '2025-05-14 04:46:19', '2025-05-14 04:47:18', '542', 'Digital logic & Design'),
(7000, 'Kalang  G Sakin', '2025-05-14 04:46:30', '2025-05-14 04:47:17', '524', 'Database'),
(8000, 'ting s bag', '2025-05-14 04:47:29', '2025-05-14 05:20:54', '528', 'C Programming'),
(7000, 'Kalang  G Sakin', '2025-05-14 04:47:41', '2025-05-14 05:20:53', '544', 'Python Programming'),
(3000, 'Gram T Insta', '2025-05-15 02:53:22', '2025-05-15 03:41:18', '524', 'C# Programming'),
(2000, 'You C Tube', '2025-05-15 02:53:32', '2025-05-15 03:41:17', '526', 'C Programming'),
(5000, 'Scatter V Unli', '2025-05-15 03:01:17', '2025-05-15 03:29:13', '528', 'Database'),
(6000, 'Cabal V Helix', '2025-05-15 03:42:52', '2025-05-15 06:04:19', '530', 'Python Programming'),
(3000, 'Gram T Insta', '2025-05-15 03:45:24', '2025-05-15 06:04:20', '544', 'Java Programming'),
(1000, 'ups c Dags', '2025-05-15 03:47:36', '2025-05-15 06:04:19', '526', 'Mobile Application'),
(9000, 'Dadark N Piano', '2025-05-15 06:04:28', '2025-05-15 06:05:04', '526', 'C# Programming'),
(1000, 'ups c Dags', '2025-05-15 06:05:11', '2025-05-15 08:53:25', '524', 'C Programming'),
(8000, 'ting s bag', '2025-05-15 06:05:21', '2025-05-15 08:53:26', '524', 'C Programming'),
(9000, 'Dadark N Piano', '2025-05-15 06:05:43', '2025-05-15 08:53:26', '530', 'Database'),
(3000, 'Gram T Insta', '2025-05-15 08:53:36', '2025-05-16 11:34:56', '528', 'Java Programming'),
(1000, 'ups c Dags', '2025-05-16 11:35:10', '0000-00-00 00:00:00', '530', 'Java Programming'),
(2000, 'You C Tube', '2025-05-16 11:35:18', '0000-00-00 00:00:00', '524', 'C Programming');

-- --------------------------------------------------------

--
-- Table structure for table `notifications`
--

CREATE TABLE `notifications` (
  `id` int(11) NOT NULL,
  `user_id` int(11) DEFAULT NULL,
  `message` text DEFAULT NULL,
  `type` varchar(50) DEFAULT 'general',
  `details` longtext CHARACTER SET utf8mb4 COLLATE utf8mb4_bin DEFAULT NULL CHECK (json_valid(`details`)),
  `is_read` tinyint(1) DEFAULT 0,
  `created_at` timestamp NOT NULL DEFAULT current_timestamp()
) ENGINE=InnoDB DEFAULT CHARSET=utf8mb4 COLLATE=utf8mb4_general_ci;

--
-- Dumping data for table `notifications`
--

INSERT INTO `notifications` (`id`, `user_id`, `message`, `type`, `details`, `is_read`, `created_at`) VALUES
(0, 11331, 'You received 1 point for completing your lab session', 'points', NULL, 1, '2025-05-05 23:25:47'),
(0, 11331, 'Your reservation has been approved', 'approval', '{\"room\":\"524\",\"pc_number\":6,\"date\":\"May 10, 2025\",\"time\":\"09:00 AM\"}', 1, '2025-05-07 23:22:28'),
(0, 11331, 'You received 1 point for completing your lab session', 'points', NULL, 1, '2025-05-07 23:22:59'),
(0, 369369, 'You received 1 point for completing your lab session', 'points', NULL, 1, '2025-05-07 23:37:18'),
(0, 22653604, 'You received 1 point for completing your lab session', 'points', NULL, 1, '2025-05-07 23:37:19'),
(0, 987987, 'You received 1 point for completing your lab session', 'points', NULL, 1, '2025-05-07 23:37:20'),
(0, 11331, 'Your reservation has been approved', 'approval', '{\"room\":\"524\",\"pc_number\":6,\"date\":\"May 10, 2025\",\"time\":\"09:00 AM\"}', 0, '2025-05-08 01:11:06'),
(0, 11331, 'You received 1 point for completing your lab session', 'points', NULL, 0, '2025-05-08 01:13:16'),
(0, 11331, 'Congratulations! You\'ve earned a new session for collecting 3 points!', 'session', NULL, 0, '2025-05-08 01:13:16'),
(0, 987987, 'You received 1 point for completing your lab session', 'points', NULL, 0, '2025-05-08 01:13:19'),
(0, 11331, 'Your reservation has been approved', 'approval', '{\"room\":\"524\",\"pc_number\":6,\"date\":\"May 10, 2025\",\"time\":\"09:00 AM\"}', 0, '2025-05-08 01:15:12'),
(0, 1000, 'You received 1 point for completing your lab session', 'points', NULL, 0, '2025-05-10 07:31:25'),
(0, 11331, 'Your reservation has been approved', 'approval', '{\"room\":\"524\",\"pc_number\":6,\"date\":\"May 10, 2025\",\"time\":\"09:00 AM\"}', 0, '2025-05-11 09:00:33'),
(0, 11331, 'Your reservation has been rejected', 'rejection', '{\"room\":\"524\",\"pc_number\":6,\"date\":\"May 10, 2025\",\"time\":\"09:00 AM\"}', 0, '2025-05-11 09:05:20'),
(0, 2000, 'You received 1 point for completing your lab session', 'points', NULL, 0, '2025-05-11 09:30:26'),
(0, 11331, 'You received 1 point for completing your lab session', 'points', NULL, 0, '2025-05-11 09:30:27'),
(0, 3000, 'Your reservation has been approved', 'approval', '{\"room\":\"524\",\"pc_number\":21,\"date\":\"May 13, 2025\",\"time\":\"07:30 AM\"}', 0, '2025-05-11 09:33:39'),
(0, 5000, 'Your reservation has been approved', 'approval', '{\"room\":\"524\",\"pc_number\":21,\"date\":\"May 14, 2025\",\"time\":\"09:00 AM\"}', 0, '2025-05-11 09:34:30'),
(0, 5000, 'You received 1 point for completing your lab session', 'points', NULL, 0, '2025-05-11 09:35:07'),
(0, 5000, 'Your reservation has been rejected', 'rejection', '{\"room\":\"530\",\"pc_number\":1,\"date\":\"May 16, 2025\",\"time\":\"01:00 PM\"}', 0, '2025-05-11 09:35:48'),
(0, 6000, 'Your reservation has been approved', 'approval', '{\"room\":\"526\",\"pc_number\":32,\"date\":\"May 13, 2025\",\"time\":\"04:00 PM\"}', 0, '2025-05-11 09:43:27'),
(0, 5000, 'Your reservation has been approved', 'approval', '{\"room\":\"524\",\"pc_number\":40,\"date\":\"May 14, 2025\",\"time\":\"05:30 PM\"}', 0, '2025-05-11 09:43:34'),
(0, 1000, 'You received 1 point for completing your lab session', 'points', NULL, 0, '2025-05-11 11:04:50'),
(0, 4000, 'You received 1 point for completing your lab session', 'points', NULL, 0, '2025-05-13 06:38:53'),
(0, 3000, 'You received 1 point for completing your lab session', 'points', NULL, 0, '2025-05-13 06:38:53'),
(0, 6000, 'You received 1 point for completing your lab session', 'points', NULL, 0, '2025-05-13 06:38:54'),
(0, 2000, 'You received 1 point for completing your lab session', 'points', NULL, 0, '2025-05-13 06:38:55'),
(0, 5000, 'You received 1 point for completing your lab session', 'points', NULL, 0, '2025-05-13 06:38:55'),
(0, 5000, 'Congratulations! You\'ve earned a new session for collecting 3 points!', 'session', NULL, 0, '2025-05-13 06:38:55'),
(0, 2000, 'You received 1 point for completing your lab session', 'points', NULL, 0, '2025-05-13 07:06:36'),
(0, 4000, 'You received 1 point for completing your lab session', 'points', NULL, 0, '2025-05-13 07:06:41'),
(0, 5000, 'You received 1 point for completing your lab session', 'points', NULL, 0, '2025-05-13 07:06:43'),
(0, 6000, 'You received 1 point for completing your lab session', 'points', NULL, 0, '2025-05-13 07:06:44'),
(0, 369369, 'You received 1 point for completing your lab session', 'points', NULL, 0, '2025-05-13 07:06:46'),
(0, 369369, 'Congratulations! You\'ve earned a new session for collecting 3 points!', 'session', NULL, 0, '2025-05-13 07:06:46'),
(0, 987987, 'You received 1 point for completing your lab session', 'points', NULL, 0, '2025-05-13 07:44:11'),
(0, 22653604, 'You received 1 point for completing your lab session', 'points', NULL, 0, '2025-05-13 07:44:54'),
(0, 22653604, 'Congratulations! You\'ve earned a new session for collecting 3 points!', 'session', NULL, 0, '2025-05-13 07:44:54'),
(0, 11331, 'You received 1 point for completing your lab session', 'points', NULL, 0, '2025-05-13 08:52:24'),
(0, 11331, 'Congratulations! You\'ve earned a new session for collecting 3 points!', 'session', NULL, 0, '2025-05-13 08:52:24'),
(0, 987987, 'You received 1 point for completing your lab session', 'points', NULL, 0, '2025-05-13 08:52:32'),
(0, 987987, 'Congratulations! You\'ve earned a new session for collecting 3 points!', 'session', NULL, 0, '2025-05-13 08:52:32'),
(0, 987987, 'You received 1 point for completing your lab session', 'points', NULL, 0, '2025-05-13 10:04:07'),
(0, 22653604, 'You received 1 point for completing your lab session', 'points', NULL, 0, '2025-05-13 11:35:33'),
(0, 11331, 'You received 1 point for completing your lab session', 'points', NULL, 0, '2025-05-13 11:35:34'),
(0, 4000, 'You received 1 point for completing your lab session', 'points', NULL, 0, '2025-05-13 11:35:34'),
(0, 4000, 'Congratulations! You\'ve earned a new session for collecting 3 points!', 'session', NULL, 0, '2025-05-13 11:35:34'),
(0, 1000, 'You received 1 point for completing your lab session', 'points', NULL, 0, '2025-05-13 11:35:35'),
(0, 6000, 'You received 1 point for completing your lab session', 'points', NULL, 0, '2025-05-13 11:35:35'),
(0, 6000, 'Congratulations! You\'ve earned a new session for collecting 3 points!', 'session', NULL, 0, '2025-05-13 11:35:35'),
(0, 5000, 'You received 1 point for completing your lab session', 'points', NULL, 0, '2025-05-13 11:35:36'),
(0, 369369, 'You received 1 point for completing your lab session', 'points', NULL, 0, '2025-05-13 11:35:37'),
(0, 2000, 'You received 1 point for completing your lab session', 'points', NULL, 0, '2025-05-13 11:35:38'),
(0, 2000, 'Congratulations! You\'ve earned a new session for collecting 3 points!', 'session', NULL, 0, '2025-05-13 11:35:38'),
(0, 3000, 'You received 1 point for completing your lab session', 'points', NULL, 0, '2025-05-13 11:35:39'),
(0, 8000, 'Your reservation has been approved', 'approval', '{\"room\":\"528\",\"pc_number\":5,\"date\":\"May 16, 2025\",\"time\":\"10:30 AM\"}', 0, '2025-05-13 12:17:03'),
(0, 1000, 'You received 1 point for completing your lab session', 'points', NULL, 0, '2025-05-13 12:48:07'),
(0, 2000, 'You received 1 point for completing your lab session', 'points', NULL, 0, '2025-05-13 12:56:33'),
(0, 1000, 'You received 1 point for completing your lab session', 'points', NULL, 0, '2025-05-13 18:00:34'),
(0, 8000, 'You received 1 point for completing your lab session', 'points', NULL, 0, '2025-05-13 18:00:39'),
(0, 7000, 'You received 1 point for completing your lab session', 'points', NULL, 0, '2025-05-13 18:19:57'),
(0, 6000, 'You received 1 point for completing your lab session', 'points', NULL, 0, '2025-05-13 18:19:58'),
(0, 5000, 'You received 1 point for completing your lab session', 'points', NULL, 0, '2025-05-13 18:19:59'),
(0, 3000, 'You received 1 point for completing your lab session', 'points', NULL, 0, '2025-05-13 18:19:59'),
(0, 2000, 'You received 1 point for completing your lab session', 'points', NULL, 0, '2025-05-13 18:20:00'),
(0, 1000, 'You received 1 point for completing your lab session', 'points', NULL, 0, '2025-05-13 18:40:05'),
(0, 9000, 'You received 1 point for completing your lab session', 'points', NULL, 0, '2025-05-13 18:46:38'),
(0, 3000, 'You received 1 point for completing your lab session', 'points', NULL, 0, '2025-05-13 18:46:39'),
(0, 3000, 'Congratulations! You\'ve earned a new session for collecting 3 points!', 'session', NULL, 0, '2025-05-13 18:46:39'),
(0, 5000, 'You received 1 point for completing your lab session', 'points', NULL, 0, '2025-05-13 18:46:39'),
(0, 5000, 'Congratulations! You\'ve earned a new session for collecting 3 points!', 'session', NULL, 0, '2025-05-13 18:46:39'),
(0, 6000, 'You received 1 point for completing your lab session', 'points', NULL, 0, '2025-05-13 18:46:40'),
(0, 8000, 'You received 1 point for completing your lab session', 'points', NULL, 0, '2025-05-13 18:46:41'),
(0, 2000, 'You received 1 point for completing your lab session', 'points', NULL, 0, '2025-05-13 18:46:42'),
(0, 2000, 'Congratulations! You\'ve earned a new session for collecting 3 points!', 'session', NULL, 0, '2025-05-13 18:46:42'),
(0, 1000, 'You received 1 point for completing your lab session', 'points', NULL, 0, '2025-05-13 19:07:10'),
(0, 1000, 'Congratulations! You\'ve earned a new session for collecting 3 points!', 'session', NULL, 0, '2025-05-13 19:07:10'),
(0, 3000, 'You received 1 point for completing your lab session', 'points', NULL, 0, '2025-05-13 20:45:55'),
(0, 9000, 'You received 1 point for completing your lab session', 'points', NULL, 0, '2025-05-13 20:45:56'),
(0, 5000, 'You received 1 point for completing your lab session', 'points', NULL, 0, '2025-05-13 20:45:58'),
(0, 2000, 'You received 1 point for completing your lab session', 'points', NULL, 0, '2025-05-13 20:45:58'),
(0, 7000, 'You received 1 point for completing your lab session', 'points', NULL, 0, '2025-05-13 20:47:17'),
(0, 1000, 'You received 1 point for completing your lab session', 'points', NULL, 0, '2025-05-13 20:47:18'),
(0, 7000, 'You received 1 point for completing your lab session', 'points', NULL, 0, '2025-05-13 21:20:53'),
(0, 7000, 'Congratulations! You\'ve earned a new session for collecting 3 points!', 'session', NULL, 0, '2025-05-13 21:20:53'),
(0, 8000, 'You received 1 point for completing your lab session', 'points', NULL, 0, '2025-05-13 21:20:54'),
(0, 8000, 'Congratulations! You\'ve earned a new session for collecting 3 points!', 'session', NULL, 0, '2025-05-13 21:20:54'),
(0, 5000, 'You received 1 point for completing your lab session', 'points', NULL, 0, '2025-05-14 19:29:13'),
(0, 2000, 'You received 1 point for completing your lab session', 'points', NULL, 0, '2025-05-14 19:41:17'),
(0, 6000, 'You received 1 point for completing your lab session', 'points', NULL, 0, '2025-05-14 22:04:19'),
(0, 6000, 'Congratulations! You\'ve earned a new session for collecting 3 points!', 'session', NULL, 0, '2025-05-14 22:04:19'),
(0, 1000, 'You received 1 point for completing your lab session', 'points', NULL, 0, '2025-05-14 22:04:19'),
(0, 3000, 'You received 1 point for completing your lab session', 'points', NULL, 0, '2025-05-14 22:04:20'),
(0, 9000, 'You received 1 point for completing your lab session', 'points', NULL, 0, '2025-05-14 22:05:04'),
(0, 9000, 'Congratulations! You\'ve earned a new session for collecting 3 points!', 'session', NULL, 0, '2025-05-14 22:05:04'),
(0, 1000, 'You received 1 point for completing your lab session', 'points', NULL, 0, '2025-05-15 00:53:25'),
(0, 1000, 'Congratulations! You\'ve earned a new session for collecting 3 points!', 'session', NULL, 0, '2025-05-15 00:53:25'),
(0, 9000, 'You received 1 point for completing your lab session', 'points', NULL, 0, '2025-05-15 00:53:26'),
(0, 8000, 'You received 1 point for completing your lab session', 'points', NULL, 0, '2025-05-15 00:53:26'),
(0, 3000, 'You received 1 point for completing your lab session', 'points', NULL, 0, '2025-05-16 03:34:56'),
(0, 3000, 'Congratulations! You\'ve earned a new session for collecting 3 points!', 'session', NULL, 0, '2025-05-16 03:34:56'),
(0, 2000, 'Your reservation for Room 528 (PC 3) on May 17, 2025 at 07:30:00 has been approved.', 'reservation', NULL, 0, '2025-05-16 05:57:06'),
(0, 2000, 'Your reservation for Room 528 (PC 3) on May 17, 2025 at 07:30:00 has been approved.', 'reservation', NULL, 0, '2025-05-16 05:58:02'),
(0, 2000, 'Your reservation for Room 526 (PC 1) on May 17, 2025 at 07:30:00 has been approved.', 'reservation', NULL, 0, '2025-05-16 05:59:18'),
(0, 2000, 'Your reservation for Room 526 (PC 1) on May 17, 2025 at 07:30:00 has been approved.', 'reservation', NULL, 0, '2025-05-16 05:59:59');

-- --------------------------------------------------------

--
-- Table structure for table `pc_status`
--

CREATE TABLE `pc_status` (
  `id` int(11) NOT NULL,
  `room_number` varchar(10) NOT NULL,
  `pc_number` int(11) NOT NULL,
  `status` varchar(20) NOT NULL DEFAULT 'available',
  `last_updated` timestamp NOT NULL DEFAULT current_timestamp() ON UPDATE current_timestamp()
) ENGINE=InnoDB DEFAULT CHARSET=utf8mb4 COLLATE=utf8mb4_general_ci;

--
-- Dumping data for table `pc_status`
--

INSERT INTO `pc_status` (`id`, `room_number`, `pc_number`, `status`, `last_updated`) VALUES
(0, '524', 3, 'available', '2025-05-16 05:27:25'),
(0, '524', 4, 'available', '2025-05-16 05:27:25'),
(0, '524', 5, 'available', '2025-05-16 05:27:25'),
(0, '524', 6, 'available', '2025-05-16 05:27:25'),
(0, '524', 7, 'available', '2025-05-16 05:27:25'),
(0, '524', 8, 'available', '2025-05-16 05:27:25'),
(0, '524', 9, 'available', '2025-05-16 05:27:25'),
(0, '524', 10, 'available', '2025-05-16 05:27:25'),
(0, '524', 11, 'available', '2025-05-16 05:27:25'),
(0, '524', 12, 'available', '2025-05-16 05:27:25'),
(0, '524', 13, 'available', '2025-05-16 05:27:25'),
(0, '524', 14, 'available', '2025-05-16 05:27:25'),
(0, '524', 15, 'available', '2025-05-16 05:27:25'),
(0, '524', 16, 'available', '2025-05-16 05:27:25'),
(0, '524', 17, 'available', '2025-05-16 05:27:25'),
(0, '524', 18, 'available', '2025-05-16 05:27:25'),
(0, '524', 19, 'available', '2025-05-16 05:27:25'),
(0, '524', 20, 'available', '2025-05-16 05:27:25'),
(0, '524', 21, 'available', '2025-05-16 05:27:25'),
(0, '524', 22, 'available', '2025-05-16 05:27:25'),
(0, '524', 23, 'available', '2025-05-16 05:27:25'),
(0, '524', 24, 'available', '2025-05-16 05:27:25'),
(0, '524', 25, 'available', '2025-05-16 05:27:25'),
(0, '524', 26, 'available', '2025-05-16 05:27:25'),
(0, '524', 27, 'available', '2025-05-16 05:27:25'),
(0, '524', 28, 'available', '2025-05-16 05:27:25'),
(0, '524', 29, 'available', '2025-05-16 05:27:25'),
(0, '524', 30, 'available', '2025-05-16 05:27:25'),
(0, '524', 31, 'available', '2025-05-16 05:27:25'),
(0, '524', 32, 'available', '2025-05-16 05:27:25'),
(0, '524', 33, 'available', '2025-05-16 05:27:25'),
(0, '524', 34, 'available', '2025-05-16 05:27:25'),
(0, '524', 35, 'available', '2025-05-16 05:27:25'),
(0, '524', 36, 'available', '2025-05-16 05:27:25'),
(0, '524', 37, 'available', '2025-05-16 05:27:25'),
(0, '524', 38, 'available', '2025-05-16 05:27:25'),
(0, '524', 39, 'available', '2025-05-16 05:27:25'),
(0, '524', 40, 'available', '2025-05-16 05:27:25'),
(0, '526', 1, 'available', '2025-05-16 05:27:28'),
(0, '526', 2, 'available', '2025-05-16 05:27:28'),
(0, '526', 3, 'available', '2025-05-16 05:27:28'),
(0, '526', 4, 'available', '2025-05-16 05:27:28'),
(0, '526', 5, 'available', '2025-05-16 05:27:28'),
(0, '526', 6, 'available', '2025-05-16 05:27:28'),
(0, '526', 7, 'available', '2025-05-16 05:27:28'),
(0, '526', 8, 'available', '2025-05-16 05:27:28'),
(0, '526', 9, 'available', '2025-05-16 05:27:28'),
(0, '526', 10, 'available', '2025-05-16 05:27:28'),
(0, '526', 11, 'available', '2025-05-16 05:27:28'),
(0, '526', 12, 'available', '2025-05-16 05:27:28'),
(0, '526', 13, 'available', '2025-05-16 05:27:28'),
(0, '526', 14, 'available', '2025-05-16 05:27:28'),
(0, '526', 15, 'available', '2025-05-16 05:27:28'),
(0, '526', 16, 'available', '2025-05-16 05:27:28'),
(0, '526', 17, 'available', '2025-05-16 05:27:28'),
(0, '526', 18, 'available', '2025-05-16 05:27:28'),
(0, '526', 19, 'available', '2025-05-16 05:27:28'),
(0, '526', 20, 'available', '2025-05-16 05:27:28'),
(0, '526', 21, 'available', '2025-05-16 05:27:28'),
(0, '526', 22, 'available', '2025-05-16 05:27:28'),
(0, '526', 23, 'available', '2025-05-16 05:27:28'),
(0, '526', 24, 'available', '2025-05-16 05:27:28'),
(0, '526', 25, 'available', '2025-05-16 05:27:28'),
(0, '526', 26, 'available', '2025-05-16 05:27:28'),
(0, '526', 27, 'available', '2025-05-16 05:27:28'),
(0, '526', 28, 'available', '2025-05-16 05:27:28'),
(0, '526', 29, 'available', '2025-05-16 05:27:28'),
(0, '526', 30, 'available', '2025-05-16 05:27:28'),
(0, '526', 31, 'available', '2025-05-16 05:27:28'),
(0, '526', 32, 'available', '2025-05-16 05:27:28'),
(0, '526', 33, 'available', '2025-05-16 05:27:28'),
(0, '526', 34, 'available', '2025-05-16 05:27:28'),
(0, '526', 35, 'available', '2025-05-16 05:27:28'),
(0, '526', 36, 'available', '2025-05-16 05:27:28'),
(0, '526', 37, 'available', '2025-05-16 05:27:28'),
(0, '526', 38, 'available', '2025-05-16 05:27:28'),
(0, '526', 39, 'available', '2025-05-16 05:27:28'),
(0, '526', 40, 'available', '2025-05-16 05:27:28'),
(0, '528', 4, 'available', '2025-05-16 05:27:30'),
(0, '528', 5, 'available', '2025-05-16 05:27:30'),
(0, '528', 6, 'available', '2025-05-16 05:27:30'),
(0, '528', 7, 'available', '2025-05-16 05:27:30'),
(0, '528', 8, 'available', '2025-05-16 05:27:30'),
(0, '528', 9, 'available', '2025-05-16 05:27:30'),
(0, '528', 10, 'available', '2025-05-16 05:27:30'),
(0, '528', 11, 'available', '2025-05-16 05:27:30'),
(0, '528', 12, 'available', '2025-05-16 05:27:30'),
(0, '528', 13, 'available', '2025-05-16 05:27:30'),
(0, '528', 14, 'available', '2025-05-16 05:27:30'),
(0, '528', 15, 'available', '2025-05-16 05:27:30'),
(0, '528', 16, 'available', '2025-05-16 05:27:30'),
(0, '528', 17, 'available', '2025-05-16 05:27:30'),
(0, '528', 18, 'available', '2025-05-16 05:27:30'),
(0, '528', 19, 'available', '2025-05-16 05:27:30'),
(0, '528', 20, 'available', '2025-05-16 05:27:30'),
(0, '528', 21, 'available', '2025-05-16 05:27:30'),
(0, '528', 22, 'available', '2025-05-16 05:27:30'),
(0, '528', 23, 'available', '2025-05-16 05:27:30'),
(0, '528', 24, 'available', '2025-05-16 05:27:30'),
(0, '528', 25, 'available', '2025-05-16 05:27:30'),
(0, '528', 26, 'available', '2025-05-16 05:27:30'),
(0, '528', 27, 'available', '2025-05-16 05:27:30'),
(0, '528', 28, 'available', '2025-05-16 05:27:30'),
(0, '528', 29, 'available', '2025-05-16 05:27:30'),
(0, '528', 30, 'available', '2025-05-16 05:27:30'),
(0, '528', 31, 'available', '2025-05-16 05:27:30'),
(0, '528', 32, 'available', '2025-05-16 05:27:30'),
(0, '528', 33, 'available', '2025-05-16 05:27:30'),
(0, '528', 34, 'available', '2025-05-16 05:27:30'),
(0, '528', 35, 'available', '2025-05-16 05:27:30'),
(0, '528', 36, 'available', '2025-05-16 05:27:30'),
(0, '528', 37, 'available', '2025-05-16 05:27:30'),
(0, '528', 38, 'available', '2025-05-16 05:27:30'),
(0, '528', 39, 'available', '2025-05-16 05:27:30'),
(0, '528', 40, 'available', '2025-05-16 05:27:30'),
(0, '530', 1, 'available', '2025-05-16 05:27:32'),
(0, '530', 2, 'available', '2025-05-16 05:27:32'),
(0, '530', 3, 'available', '2025-05-16 05:27:32'),
(0, '530', 4, 'available', '2025-05-16 05:27:32'),
(0, '530', 5, 'available', '2025-05-16 05:27:32'),
(0, '530', 6, 'available', '2025-05-16 05:27:32'),
(0, '530', 7, 'available', '2025-05-16 05:27:32'),
(0, '530', 8, 'available', '2025-05-16 05:27:32'),
(0, '530', 9, 'available', '2025-05-16 05:27:32'),
(0, '530', 10, 'available', '2025-05-16 05:27:32'),
(0, '530', 11, 'available', '2025-05-16 05:27:32'),
(0, '530', 12, 'available', '2025-05-16 05:27:32'),
(0, '530', 13, 'available', '2025-05-16 05:27:32'),
(0, '530', 14, 'available', '2025-05-16 05:27:32'),
(0, '530', 15, 'available', '2025-05-16 05:27:32'),
(0, '530', 16, 'available', '2025-05-16 05:27:32'),
(0, '530', 17, 'available', '2025-05-16 05:27:32'),
(0, '530', 18, 'available', '2025-05-16 05:27:32'),
(0, '530', 19, 'available', '2025-05-16 05:27:32'),
(0, '530', 20, 'available', '2025-05-16 05:27:32'),
(0, '530', 21, 'available', '2025-05-16 05:27:32'),
(0, '530', 22, 'available', '2025-05-16 05:27:32'),
(0, '530', 23, 'available', '2025-05-16 05:27:32'),
(0, '530', 24, 'available', '2025-05-16 05:27:32'),
(0, '530', 25, 'available', '2025-05-16 05:27:32'),
(0, '530', 26, 'available', '2025-05-16 05:27:32'),
(0, '530', 27, 'available', '2025-05-16 05:27:32'),
(0, '530', 28, 'available', '2025-05-16 05:27:32'),
(0, '530', 29, 'available', '2025-05-16 05:27:32'),
(0, '530', 30, 'available', '2025-05-16 05:27:32'),
(0, '530', 31, 'available', '2025-05-16 05:27:32'),
(0, '530', 32, 'available', '2025-05-16 05:27:32'),
(0, '530', 33, 'available', '2025-05-16 05:27:32'),
(0, '530', 34, 'available', '2025-05-16 05:27:32'),
(0, '530', 35, 'available', '2025-05-16 05:27:32'),
(0, '530', 36, 'available', '2025-05-16 05:27:32'),
(0, '530', 37, 'available', '2025-05-16 05:27:32'),
(0, '530', 38, 'available', '2025-05-16 05:27:32'),
(0, '530', 39, 'available', '2025-05-16 05:27:32'),
(0, '530', 40, 'available', '2025-05-16 05:27:32'),
(0, '542', 1, 'available', '2025-05-16 05:27:33'),
(0, '542', 2, 'available', '2025-05-16 05:27:33'),
(0, '542', 3, 'available', '2025-05-16 05:27:33'),
(0, '542', 4, 'available', '2025-05-16 05:27:33'),
(0, '542', 5, 'available', '2025-05-16 05:27:33'),
(0, '542', 6, 'available', '2025-05-16 05:27:33'),
(0, '542', 7, 'available', '2025-05-16 05:27:33'),
(0, '542', 8, 'available', '2025-05-16 05:27:33'),
(0, '542', 9, 'available', '2025-05-16 05:27:33'),
(0, '542', 10, 'available', '2025-05-16 05:27:33'),
(0, '542', 11, 'available', '2025-05-16 05:27:33'),
(0, '542', 12, 'available', '2025-05-16 05:27:33'),
(0, '542', 13, 'available', '2025-05-16 05:27:33'),
(0, '542', 14, 'available', '2025-05-16 05:27:33'),
(0, '542', 15, 'available', '2025-05-16 05:27:33'),
(0, '542', 16, 'available', '2025-05-16 05:27:33'),
(0, '542', 17, 'available', '2025-05-16 05:27:33'),
(0, '542', 18, 'available', '2025-05-16 05:27:33'),
(0, '542', 19, 'available', '2025-05-16 05:27:33'),
(0, '542', 20, 'available', '2025-05-16 05:27:33'),
(0, '542', 21, 'available', '2025-05-16 05:27:33'),
(0, '542', 22, 'available', '2025-05-16 05:27:33'),
(0, '542', 23, 'available', '2025-05-16 05:27:33'),
(0, '542', 24, 'available', '2025-05-16 05:27:33'),
(0, '542', 25, 'available', '2025-05-16 05:27:33'),
(0, '542', 26, 'available', '2025-05-16 05:27:33'),
(0, '542', 27, 'available', '2025-05-16 05:27:33'),
(0, '542', 28, 'available', '2025-05-16 05:27:33'),
(0, '542', 29, 'available', '2025-05-16 05:27:33'),
(0, '542', 30, 'available', '2025-05-16 05:27:33'),
(0, '542', 31, 'available', '2025-05-16 05:27:33'),
(0, '542', 32, 'available', '2025-05-16 05:27:33'),
(0, '542', 33, 'available', '2025-05-16 05:27:33'),
(0, '542', 34, 'available', '2025-05-16 05:27:33'),
(0, '542', 35, 'available', '2025-05-16 05:27:33'),
(0, '542', 36, 'available', '2025-05-16 05:27:33'),
(0, '542', 37, 'available', '2025-05-16 05:27:33'),
(0, '542', 38, 'available', '2025-05-16 05:27:33'),
(0, '542', 39, 'available', '2025-05-16 05:27:33'),
(0, '542', 40, 'available', '2025-05-16 05:27:33'),
(0, '544', 1, 'available', '2025-05-16 05:27:35'),
(0, '544', 2, 'available', '2025-05-16 05:27:35'),
(0, '544', 3, 'available', '2025-05-16 05:27:35'),
(0, '544', 4, 'available', '2025-05-16 05:27:35'),
(0, '544', 5, 'available', '2025-05-16 05:27:35'),
(0, '544', 6, 'available', '2025-05-16 05:27:35'),
(0, '544', 7, 'available', '2025-05-16 05:27:35'),
(0, '544', 8, 'available', '2025-05-16 05:27:35'),
(0, '544', 9, 'available', '2025-05-16 05:27:35'),
(0, '544', 10, 'available', '2025-05-16 05:27:35'),
(0, '544', 11, 'available', '2025-05-16 05:27:35'),
(0, '544', 12, 'available', '2025-05-16 05:27:35'),
(0, '544', 13, 'available', '2025-05-16 05:27:35'),
(0, '544', 14, 'available', '2025-05-16 05:27:35'),
(0, '544', 15, 'available', '2025-05-16 05:27:35'),
(0, '544', 16, 'available', '2025-05-16 05:27:35'),
(0, '544', 17, 'available', '2025-05-16 05:27:35'),
(0, '544', 18, 'available', '2025-05-16 05:27:35'),
(0, '544', 19, 'available', '2025-05-16 05:27:35'),
(0, '544', 20, 'available', '2025-05-16 05:27:35'),
(0, '544', 21, 'available', '2025-05-16 05:27:35'),
(0, '544', 22, 'available', '2025-05-16 05:27:35'),
(0, '544', 23, 'available', '2025-05-16 05:27:35'),
(0, '544', 24, 'available', '2025-05-16 05:27:35'),
(0, '544', 25, 'available', '2025-05-16 05:27:35'),
(0, '544', 26, 'available', '2025-05-16 05:27:35'),
(0, '544', 27, 'available', '2025-05-16 05:27:35'),
(0, '544', 28, 'available', '2025-05-16 05:27:35'),
(0, '544', 29, 'available', '2025-05-16 05:27:35'),
(0, '544', 30, 'available', '2025-05-16 05:27:35'),
(0, '544', 31, 'available', '2025-05-16 05:27:35'),
(0, '544', 32, 'available', '2025-05-16 05:27:35'),
(0, '544', 33, 'available', '2025-05-16 05:27:35'),
(0, '544', 34, 'available', '2025-05-16 05:27:35'),
(0, '544', 35, 'available', '2025-05-16 05:27:35'),
(0, '544', 36, 'available', '2025-05-16 05:27:35'),
(0, '544', 37, 'available', '2025-05-16 05:27:35'),
(0, '544', 38, 'available', '2025-05-16 05:27:35'),
(0, '544', 39, 'available', '2025-05-16 05:27:35'),
(0, '544', 40, 'available', '2025-05-16 05:27:35'),
(0, '542', 40, 'used', '2025-05-16 05:33:02'),
(0, '524', 1, 'available', '2025-05-16 05:51:59'),
(0, '524', 2, 'available', '2025-05-16 05:51:59'),
(0, '528', 1, 'available', '2025-05-16 05:52:03'),
(0, '528', 2, 'available', '2025-05-16 05:52:03'),
(0, '528', 3, 'available', '2025-05-16 05:52:03'),
(0, '528', 3, 'used', '2025-05-16 05:57:06'),
(0, '528', 3, 'used', '2025-05-16 05:58:02'),
(0, '526', 1, 'reserved', '2025-05-16 05:59:03'),
(0, '526', 1, 'used', '2025-05-16 05:59:18'),
(0, '526', 1, 'used', '2025-05-16 05:59:59'),
(0, '530', 39, 'reserved', '2025-05-16 06:01:22');

-- --------------------------------------------------------

--
-- Table structure for table `points_history`
--

CREATE TABLE `points_history` (
  `ID` int(11) NOT NULL,
  `IDNO` varchar(20) NOT NULL,
  `FULLNAME` varchar(100) NOT NULL,
  `POINTS_EARNED` int(11) DEFAULT 1,
  `CONVERTED_TO_SESSION` tinyint(1) DEFAULT 0,
  `CONVERSION_DATE` datetime NOT NULL
) ENGINE=InnoDB DEFAULT CHARSET=utf8mb4 COLLATE=utf8mb4_general_ci;

--
-- Dumping data for table `points_history`
--

INSERT INTO `points_history` (`ID`, `IDNO`, `FULLNAME`, `POINTS_EARNED`, `CONVERTED_TO_SESSION`, `CONVERSION_DATE`) VALUES
(0, '11331', 'Clint G Daguplo', 1, 0, '2025-05-05 09:25:47'),
(0, '11331', 'Clint G Daguplo', 1, 0, '2025-05-07 09:22:59'),
(0, '369369', 'Sy s Arch', 1, 0, '2025-05-07 09:37:18'),
(0, '22653604', 'Clnt G. Thegups', 1, 0, '2025-05-07 09:37:19'),
(0, '987987', 'Mic M Check', 1, 0, '2025-05-07 09:37:20'),
(0, '11331', 'Clint G Daguplo', 3, 1, '2025-05-07 11:13:16'),
(0, '987987', 'Mic M Check', 1, 0, '2025-05-07 11:13:19'),
(0, '1000', 'Face S Book', 1, 0, '2025-05-10 00:31:25'),
(0, '2000', 'You C Tube', 1, 0, '2025-05-11 02:30:26'),
(0, '11331', 'Clint G Daguplo', 1, 0, '2025-05-11 02:30:27'),
(0, '5000', 'Scatter V Unli', 1, 0, '2025-05-11 02:35:07'),
(0, '1000', 'Face S Book', 1, 0, '2025-05-11 04:04:50'),
(0, '4000', 'iPhone V ProMax', 1, 0, '2025-05-12 23:38:53'),
(0, '3000', 'Gram T Insta', 1, 0, '2025-05-12 23:38:53'),
(0, '6000', 'Cabal V Helix', 1, 0, '2025-05-12 23:38:54'),
(0, '2000', 'You C Tube', 1, 0, '2025-05-12 23:38:55'),
(0, '5000', 'Scatter V Unli', 3, 1, '2025-05-12 23:38:55'),
(0, '2000', 'You C Tube', 1, 0, '2025-05-13 00:06:36'),
(0, '4000', 'iPhone V ProMax', 1, 0, '2025-05-13 00:06:41'),
(0, '5000', 'Scatter V Unli', 1, 0, '2025-05-13 00:06:43'),
(0, '6000', 'Cabal V Helix', 1, 0, '2025-05-13 00:06:44'),
(0, '369369', 'Sy s Arch', 3, 1, '2025-05-13 00:06:46'),
(0, '987987', 'Mic M Check', 1, 0, '2025-05-13 00:44:11'),
(0, '22653604', 'Clnt G. Thegups', 3, 1, '2025-05-13 00:44:54'),
(0, '11331', 'Clint G Daguplo', 6, 1, '2025-05-13 01:52:24'),
(0, '987987', 'Mic M Check', 6, 1, '2025-05-13 01:52:32'),
(0, '987987', 'Mic M Check', 1, 0, '2025-05-13 03:04:07'),
(0, '22653604', 'Clnt G. Thegups', 1, 0, '2025-05-13 04:35:33'),
(0, '11331', 'Clint G Daguplo', 1, 0, '2025-05-13 04:35:34'),
(0, '4000', 'iPhone V ProMax', 6, 1, '2025-05-13 04:35:34'),
(0, '1000', 'Face S Book', 1, 0, '2025-05-13 04:35:35'),
(0, '6000', 'Cabal V Helix', 6, 1, '2025-05-13 04:35:35'),
(0, '5000', 'Scatter V Unli', 1, 0, '2025-05-13 04:35:36'),
(0, '369369', 'Sy s Arch', 1, 0, '2025-05-13 04:35:37'),
(0, '2000', 'You C Tube', 6, 1, '2025-05-13 04:35:38'),
(0, '3000', 'Gram T Insta', 1, 0, '2025-05-13 04:35:39'),
(0, '1000', 'Face S Book', 1, 0, '2025-05-13 05:48:07'),
(0, '2000', 'You C Tube', 1, 0, '2025-05-13 05:56:33'),
(0, '1000', 'ups c Dags', 1, 0, '2025-05-14 02:00:34'),
(0, '8000', 'ting s bag', 1, 0, '2025-05-14 02:00:39'),
(0, '7000', 'Kalang  G Sakin', 1, 0, '2025-05-14 02:19:57'),
(0, '6000', 'Cabal V Helix', 1, 0, '2025-05-14 02:19:58'),
(0, '5000', 'Scatter V Unli', 1, 0, '2025-05-14 02:19:59'),
(0, '3000', 'Gram T Insta', 1, 0, '2025-05-14 02:19:59'),
(0, '2000', 'You C Tube', 1, 0, '2025-05-14 02:20:00'),
(0, '1000', 'ups c Dags', 1, 0, '2025-05-14 02:40:05'),
(0, '9000', 'Dadark N Piano', 1, 0, '2025-05-14 02:46:38'),
(0, '3000', 'Gram T Insta', 6, 1, '2025-05-14 02:46:39'),
(0, '5000', 'Scatter V Unli', 9, 1, '2025-05-14 02:46:39'),
(0, '6000', 'Cabal V Helix', 1, 0, '2025-05-14 02:46:40'),
(0, '8000', 'ting s bag', 1, 0, '2025-05-14 02:46:41'),
(0, '2000', 'You C Tube', 9, 1, '2025-05-14 02:46:42'),
(0, '1000', 'ups c Dags', 3, 1, '2025-05-14 03:07:10'),
(0, '3000', 'Gram T Insta', 1, 0, '2025-05-14 04:45:55'),
(0, '9000', 'Dadark N Piano', 1, 0, '2025-05-14 04:45:56'),
(0, '5000', 'Scatter V Unli', 1, 0, '2025-05-14 04:45:58'),
(0, '2000', 'You C Tube', 1, 0, '2025-05-14 04:45:58'),
(0, '7000', 'Kalang  G Sakin', 1, 0, '2025-05-14 04:47:17'),
(0, '1000', 'ups c Dags', 1, 0, '2025-05-14 04:47:18'),
(0, '7000', 'Kalang  G Sakin', 3, 1, '2025-05-14 05:20:53'),
(0, '8000', 'ting s bag', 3, 1, '2025-05-14 05:20:54'),
(0, '5000', 'Scatter V Unli', 1, 0, '2025-05-15 03:29:13'),
(0, '2000', 'You C Tube', 1, 0, '2025-05-15 03:41:17'),
(0, '6000', 'Cabal V Helix', 9, 1, '2025-05-15 06:04:19'),
(0, '1000', 'ups c Dags', 1, 0, '2025-05-15 06:04:19'),
(0, '3000', 'Gram T Insta', 1, 0, '2025-05-15 06:04:20'),
(0, '9000', 'Dadark N Piano', 3, 1, '2025-05-15 06:05:04'),
(0, '1000', 'ups c Dags', 6, 1, '2025-05-15 08:53:25'),
(0, '9000', 'Dadark N Piano', 1, 0, '2025-05-15 08:53:26'),
(0, '8000', 'ting s bag', 1, 0, '2025-05-15 08:53:26'),
(0, '3000', 'Gram T Insta', 9, 1, '2025-05-16 11:34:56');

-- --------------------------------------------------------

--
-- Table structure for table `reservations`
--

CREATE TABLE `reservations` (
  `id` int(11) NOT NULL,
  `student_id` varchar(50) DEFAULT NULL,
  `fullname` varchar(100) DEFAULT NULL,
  `room` varchar(50) DEFAULT NULL,
  `date` date DEFAULT NULL,
  `time` time DEFAULT NULL,
  `purpose` varchar(100) DEFAULT NULL,
  `seat_number` int(11) DEFAULT NULL,
  `remaining_sessions` int(11) DEFAULT NULL,
  `status` enum('pending','approved','rejected') DEFAULT 'pending',
  `created_at` timestamp NOT NULL DEFAULT current_timestamp(),
  `updated_at` datetime DEFAULT current_timestamp() ON UPDATE current_timestamp()
) ENGINE=InnoDB DEFAULT CHARSET=utf8mb4 COLLATE=utf8mb4_general_ci;

--
-- Dumping data for table `reservations`
--

INSERT INTO `reservations` (`id`, `student_id`, `fullname`, `room`, `date`, `time`, `purpose`, `seat_number`, `remaining_sessions`, `status`, `created_at`, `updated_at`) VALUES
(30, '5000', 'Scatter V Unli', '524', '2025-05-16', '09:00:00', 'Database', 40, 28, 'approved', '2025-05-14 22:50:02', '2025-05-15 06:55:02'),
(31, '1000', 'ups c Dags', '526', '2025-05-17', '13:00:00', 'Database', 40, 25, 'rejected', '2025-05-14 23:02:04', '2025-05-15 07:02:19'),
(32, '2000', 'You C Tube', '530', '2025-05-17', '07:30:00', 'Database', 40, 27, 'approved', '2025-05-16 04:59:30', '2025-05-16 13:00:13'),
(33, '5000', 'Scatter V Unli', '530', '2025-05-17', '07:30:00', 'Computer Application', 39, 28, 'approved', '2025-05-16 05:03:26', '2025-05-16 13:19:31'),
(34, '7000', 'Kalang  G Sakin', '526', '2025-05-17', '07:30:00', 'Database', 40, 28, 'approved', '2025-05-16 05:17:28', '2025-05-16 13:20:16'),
(35, '7000', 'Kalang  G Sakin', '530', '2025-05-17', '09:00:00', 'Others...', 40, 28, 'pending', '2025-05-16 05:19:13', '2025-05-16 13:19:13'),
(36, '7000', 'Kalang  G Sakin', '530', '2025-05-19', '09:00:00', 'Python Programming', 40, 28, 'rejected', '2025-05-16 05:20:04', '2025-05-16 13:30:29'),
(37, '6000', 'Cabal V Helix', '542', '2025-05-17', '07:30:00', 'Python Programming', 40, 28, 'approved', '2025-05-16 05:28:09', '2025-05-16 13:33:02'),
(38, '1000', 'ups c Dags', '524', '2025-05-17', '07:30:00', 'Database', 1, 25, 'approved', '2025-05-16 05:31:27', '2025-05-16 13:31:49'),
(39, '2000', 'You C Tube', '528', '2025-05-17', '07:30:00', 'Database', 3, 27, 'approved', '2025-05-16 05:51:06', '2025-05-16 13:57:06'),
(40, '2000', 'You C Tube', '526', '2025-05-17', '07:30:00', 'C# Programming', 1, 26, 'approved', '2025-05-16 05:59:03', '2025-05-16 13:59:18'),
(41, '9000', 'Dadark N Piano', '530', '2025-05-17', '09:00:00', 'Database', 39, 26, 'pending', '2025-05-16 06:01:22', '2025-05-16 14:01:22');

--
-- Triggers `reservations`
--
DELIMITER $$
CREATE TRIGGER `before_reservation_insert` BEFORE INSERT ON `reservations` FOR EACH ROW BEGIN
    DECLARE student_exists INT;
    SELECT COUNT(*) INTO student_exists 
    FROM user 
    WHERE IDNO = NEW.student_id;
    
    IF student_exists = 0 THEN
        SIGNAL SQLSTATE '45000'
        SET MESSAGE_TEXT = 'Invalid student ID';
    END IF;
END
$$
DELIMITER ;

-- --------------------------------------------------------

--
-- Table structure for table `reservation_logs`
--

CREATE TABLE `reservation_logs` (
  `id` int(11) NOT NULL,
  `reservation_id` int(11) NOT NULL,
  `status` varchar(20) NOT NULL,
  `action_taken` varchar(20) NOT NULL,
  `created_at` datetime NOT NULL
) ENGINE=InnoDB DEFAULT CHARSET=utf8mb4 COLLATE=utf8mb4_general_ci;

--
-- Dumping data for table `reservation_logs`
--

INSERT INTO `reservation_logs` (`id`, `reservation_id`, `status`, `action_taken`, `created_at`) VALUES
(21, 30, 'approved', '', '2025-05-15 06:55:02'),
(22, 31, 'rejected', '', '2025-05-15 07:02:19'),
(23, 32, 'approved', '', '2025-05-16 13:00:13'),
(24, 33, 'approved', '', '2025-05-16 13:19:31'),
(25, 34, 'approved', '', '2025-05-16 13:20:16'),
(26, 36, 'rejected', '', '2025-05-16 13:30:29'),
(27, 38, 'approved', '', '2025-05-16 13:31:49'),
(28, 37, 'approved', '', '2025-05-16 13:33:02'),
(29, 39, 'approved', '', '2025-05-16 13:57:06'),
(30, 39, 'approved', '', '2025-05-16 13:58:02'),
(31, 40, 'approved', '', '2025-05-16 13:59:18'),
(32, 40, 'approved', '', '2025-05-16 13:59:59');

-- --------------------------------------------------------

--
-- Table structure for table `reward_points`
--

CREATE TABLE `reward_points` (
  `id` int(11) NOT NULL,
  `student_id` varchar(50) DEFAULT NULL,
  `points` int(11) DEFAULT 0,
  `last_reward_date` date DEFAULT NULL
) ENGINE=InnoDB DEFAULT CHARSET=utf8mb4 COLLATE=utf8mb4_general_ci;

-- --------------------------------------------------------

--
-- Table structure for table `user`
--

CREATE TABLE `user` (
  `IDNO` int(11) NOT NULL,
  `LASTNAME` varchar(255) NOT NULL,
  `FIRSTNAME` varchar(255) NOT NULL,
  `MIDNAME` varchar(255) NOT NULL,
  `COURSE` varchar(255) NOT NULL,
  `YEARLEVEL` int(11) NOT NULL,
  `USERNAME` varchar(255) NOT NULL,
  `PASSWORD` varchar(255) NOT NULL,
  `EMAIL` varchar(255) NOT NULL,
  `PROFILE_PIC` varchar(255) NOT NULL DEFAULT 'default.jpg',
  `REMAINING_SESSIONS` int(30) NOT NULL DEFAULT 30,
  `POINTS` int(11) DEFAULT 0
) ENGINE=InnoDB DEFAULT CHARSET=utf8mb4 COLLATE=utf8mb4_general_ci;

--
-- Dumping data for table `user`
--

INSERT INTO `user` (`IDNO`, `LASTNAME`, `FIRSTNAME`, `MIDNAME`, `COURSE`, `YEARLEVEL`, `USERNAME`, `PASSWORD`, `EMAIL`, `PROFILE_PIC`, `REMAINING_SESSIONS`, `POINTS`) VALUES
(2000, 'Tube', 'You', 'C', 'BSHM', 3, 'you', '123123', 'you@gmail.com', 'default.jpg', 25, 11),
(3000, 'Insta', 'Gram', 'T', 'BSCS', 3, 'gram', '123123', 'gram@gmail.com', 'default.jpg', 25, 9),
(5000, 'Unli', 'Scatter', 'V', 'BEED', 3, 'scatter', '123123', 'scatter@gmail.com', 'default.jpg', 28, 11),
(6000, 'Helix', 'Cabal', 'V', 'BEED', 3, 'cabal', '123123', 'cabal@gmail.com', 'default.jpg', 28, 9),
(7000, 'Sakin', 'Kalang ', 'G', 'BEED', 4, 'sakin', '123123', 'sakinka@gmail.com', 'default.jpg', 28, 3),
(8000, 'bag', 'ting', 's', 'BSBA', 4, 'bagting', '123123', 'bagting@gmail.com', 'default.jpg', 27, 4),
(1000, 'Dags', 'ups', 'c', 'BSIT', 1, 'dags', '123123', 'dag@gmail.com', 'default.jpg', 24, 6),
(9000, 'Piano', 'Dadark', 'N', 'BEED', 2, 'piano', '123123', 'piano@gmail.com', 'default.jpg', 26, 4);

--
-- Indexes for dumped tables
--

--
-- Indexes for table `lab_resources`
--
ALTER TABLE `lab_resources`
  ADD PRIMARY KEY (`id`);

--
-- Indexes for table `reservations`
--
ALTER TABLE `reservations`
  ADD PRIMARY KEY (`id`);

--
-- Indexes for table `reservation_logs`
--
ALTER TABLE `reservation_logs`
  ADD PRIMARY KEY (`id`),
  ADD KEY `reservation_id` (`reservation_id`);

--
-- AUTO_INCREMENT for dumped tables
--

--
-- AUTO_INCREMENT for table `lab_resources`
--
ALTER TABLE `lab_resources`
  MODIFY `id` int(11) NOT NULL AUTO_INCREMENT, AUTO_INCREMENT=7;

--
-- AUTO_INCREMENT for table `reservations`
--
ALTER TABLE `reservations`
  MODIFY `id` int(11) NOT NULL AUTO_INCREMENT, AUTO_INCREMENT=42;

--
-- AUTO_INCREMENT for table `reservation_logs`
--
ALTER TABLE `reservation_logs`
  MODIFY `id` int(11) NOT NULL AUTO_INCREMENT, AUTO_INCREMENT=33;

--
-- Constraints for dumped tables
--

--
-- Constraints for table `reservation_logs`
--
ALTER TABLE `reservation_logs`
  ADD CONSTRAINT `reservation_logs_ibfk_1` FOREIGN KEY (`reservation_id`) REFERENCES `reservations` (`id`);
COMMIT;

/*!40101 SET CHARACTER_SET_CLIENT=@OLD_CHARACTER_SET_CLIENT */;
/*!40101 SET CHARACTER_SET_RESULTS=@OLD_CHARACTER_SET_RESULTS */;
/*!40101 SET COLLATION_CONNECTION=@OLD_COLLATION_CONNECTION */;
